{
  "cardinality_header": {
    "af": "Verkeerde Eienskappe",
    "nl": "Niet de juiste attributen",
    "es": "Atributos inválidos",
    "no": "Ugyldige atributter",
    "zu": "Izici Ezingalungile",
    "xh": "Iimpawu Ezingachanekanga",
    "st": "Makgabane a Fosahetseng",
    "ca": "Atributs incorrectes"
  },
  "cardinality_text": {
    "af": "Een of meer van die eienskappe wat deur u identiteits-verskaffer voorsien was, bevat nie die verwagte aantal waardes nie.",
    "nl": "Één of meer door de Identity Provider geleverde attributen bevat niet het vereiste aantal attributen.",
    "es": "Uno o más atributos proporcionados por su proveedor de identidad no contiene la cantidad de valores esperada.",
    "no": "Én eller flere atributter levert av din identitetsleverandør har ikke så mange verdier som forventes.",
    "zu": "Isici esisodwa noma ngaphezulu esinikezwe umhlinzeki wakho kamazisi asizange siqukathe inani lezinombolo ezilindelwe.",
    "xh": "Uphawu olunye okanye olungakumbi olunikelwe ngumboonelei wesazisi sakho aluqulethanga inani lamaxabiso alindelekileyo.",
    "st": "E le nngwe kapa ho feta ya makgabane a fanweng ke wena ke mofani wa boitsebiso wa hao ha e na lenane le nepahetseng la dipalo.",
    "ca": "Un o més dels atributs facilitats pel vostre proveïdor d’identitat no contenia el nombre de valors esperat."
  },
  "problematic_attributes": {
    "af": "Die problematiese eienskap(pe) is:",
    "nl": "De onjuiste attributen zijn:",
    "es": "Los atributos problemáticos son:",
    "no": "De ugyldige atributter er:",
    "zu": "Isici(izici) esiyinkinga sithi:",
    "xh": "Iimpawu eziyingxaki zezi:",
    "st": "Makgabane a nang le mathata ke:",
    "ca": "Els atributs problemàtics són:"
  },
  "got_want": {
    "af": "%GOT% waarde ontvang, %WANT% nodig",
    "nl": "%GOT% ontvangen waarden, %WANT% vereist",
    "es": "contiene %GOT% valores, se esperaban %WANT%",
    "no": "har %GOT% verdier, forventer %WANT%",
    "zu": "uthole amanani angu-%GOT%, ufuna %WANT%",
    "xh": "kukho amaxabiso e-%GOT%, sifuna %WANT%",
    "st": "o fumane dipalo tse %GOT%, o batla tse %WANT%",
    "ca": "tens %GOT% valors, desitjats %WANT%"
  }
}
