{
	"header": {
		"no": "Kunne ikke finne metadata",
		"nn": "Kunne ikkje finne metadata",
		"de": "Keine Metadaten gefunden",
		"sv": "Metadata saknas",
		"sl": "Metapodatkov ni bilo mo\u010d najti.",
		"it": "Metadati non trovati",
		"es": "Metadatos no encontrados",
		"lt": "Metaduomenys nerasti",
		"hu": "Nem tal\u00e1lhat\u00f3 haszn\u00e1lhat\u00f3 metaadat",
		"fr": "M\u00e9tadonn\u00e9es non trouv\u00e9es",
		"nl": "Metadata niet gevonden",
		"ja": "\u30e1\u30bf\u30c7\u30fc\u30bf\u304c\u898b\u3064\u304b\u308a\u307e\u305b\u3093",
		"da": "Metadata er ikke fundt",
		"hr": "Metapodaci nisu prona\u0111eni",
		"zh-tw": "\u627e\u4e0d\u5230 Metadata",
		"et": "Metaandmeid ei leitud",
		"he": "\u05de\u05d8\u05d0-\u05de\u05d9\u05d3\u05e2 \u05dc\u05d0 \u05e0\u05de\u05e6\u05d0",
		"ru": "\u041c\u0435\u0442\u0430\u0434\u0430\u043d\u043d\u044b\u0435 \u043d\u0435 \u043d\u0430\u0439\u0434\u0435\u043d\u044b",
		"pt-br": "Metadata n\u00e3o encontrado",
		"zh": "\u6ca1\u6709\u627e\u5230\u5143\u4fe1\u606f",
		"ar": "\u0627\u0644\u0628\u064a\u0627\u0646\u0627\u062a \u0627\u0644\u0648\u0635\u0641\u064a\u0629 \u0645\u0641\u0642\u0648\u062f\u0629",
		"id": "Metadata tidak ditemukan",
		"lv": "Metadati nav atrasti",
		"sr": "Metapodaci nisu prona\u0111eni",
		"ro": "Nu au fost g\u0103site metadate",
		"cs": "Metadata nebyla nalezena",
		"eu": "Ez da aurkitu metadaturik",
		"af": "Metadata nie gevind nie",
		"el": "\u0394\u03b5\u03bd \u03b2\u03c1\u03ad\u03b8\u03b7\u03ba\u03b1\u03bd \u03bc\u03b5\u03c4\u03b1\u03b4\u03b5\u03b4\u03bf\u03bc\u03ad\u03bd\u03b1",
		"zu": "Imethadatha ayitholakali",
		"xh": "I-Metadata ayifunyenwanga",
		"st": "Metadata ha e a fumanwa",
		"ca": "No s'han trobat les metadades"
	},
	"not_found_for": {
		"no": "Vi fant ikke metadataene for:",
		"nn": "Vi fann ikkje metadataene for:",
		"sv": "Metadata f\u00f6r enehten hittades inte:",
		"sl": "Metapodatkov za to entiteto ni bilo mo\u010d najti.",
		"it": "Non siamo stati in grado di localizzare i metadati per l'entit\u00e0:",
		"es": "Fue imposible localizar los metadatos para la entidad:",
		"lt": "Nepavyko nustatyti metaduomen\u0173 \u0161iems objektams:",
		"hu": "Az k\u00f6vetkez\u0151 entit\u00e1shoz nem tal\u00e1lhat\u00f3 metaadat:",
		"fr": "Nous ne trouvons pas les m\u00e9tadonn\u00e9es de l'entit\u00e9 :",
		"nl": "De metadata voor de volgende entity kon niet gevonden worden:",
		"ja": "\u30e1\u30bf\u30c7\u30fc\u30bf\u306e\u5b9f\u4f53\u3092\u898b\u3064\u3051\u308b\u3053\u3068\u304c\u51fa\u6765\u307e\u305b\u3093\u3067\u3057\u305f:",
		"da": "Vi kan ikke finde metadata for denne forbindelse:",
		"de": "F\u00fcr folgende Entit\u00e4t konnten keine Metadaten gefunden werden:",
		"hr": "Ne mogu prona\u0107i metapodatke za entitet:",
		"zh-tw": "\u6211\u5011\u7121\u6cd5\u5b9a\u4f4d\u6b64\u5be6\u9ad4\u4e4b Metadata\uff1a",
		"et": "Ei suudetud leida olemi metaandmeid:",
		"he": "\u05dc\u05d0 \u05d4\u05e6\u05dc\u05d7\u05e0\u05d5 \u05dc\u05d0\u05ea\u05e8 \u05de\u05d8\u05d0-\u05de\u05d9\u05d3\u05e2 \u05e2\u05d1\u05d5\u05e8 \u05d4\u05d9\u05e9\u05d5\u05ea:",
		"ru": "\u041c\u044b \u043d\u0435 \u043d\u0430\u0448\u043b\u0438 \u043c\u0435\u0442\u0430\u0434\u0430\u043d\u043d\u044b\u0435 \u0434\u043b\u044f \u043e\u0431\u044a\u0435\u043a\u0442\u0430:",
		"pt-br": "N\u00e3o foi poss\u00edvel localizar os metadados da entidade:",
		"zh": "\u6211\u4eec\u65e0\u6cd5\u4e3a\u8fd9\u4e2a\u5b9e\u4f53\u5b9a\u4f4d\u5143\u4fe1\u606f",
		"ar": "\u0644\u0627 \u064a\u0645\u0643\u0646\u0646\u0627 \u062a\u062d\u062f\u064a\u062f \u0645\u0648\u0642\u0639 \u0627\u0644\u0628\u064a\u0627\u0646\u0627\u062a \u0627\u0644\u0648\u0635\u0641\u064a\u0629 \u0644\u0647\u0630\u0647 \u0627\u0644\u062c\u0632\u0626\u064a\u0629",
		"id": "Kita tidak dapat menemukan metadata untuk entity",
		"lv": "Metadati \u0161ai ent\u012btijai nav atrasti:",
		"sr": "Ne mogu prona\u0107i metapodatke za entitet:",
		"ro": "Nu am g\u0103sit metadate pentru urm\u0103toarea entitate:",
		"cs": "Nebyla nalezena metadata pro entitu:",
		"eu": "Ezinezkoa izan da erakunde honentzat metadaturik aurkitzea: ",
		"af": "Ons was nie in staat om die metadata vir die entiteit op te spoor nie:",
		"el": "\u0394\u03b5\u03bd \u03ae\u03c4\u03b1\u03bd \u03b4\u03c5\u03bd\u03b1\u03c4\u03cc \u03bd\u03b1 \u03b2\u03c1\u03b5\u03b8\u03bf\u03cd\u03bd \u03bc\u03b5\u03c4\u03b1\u03b4\u03b5\u03b4\u03bf\u03bc\u03ad\u03bd\u03b1 \u03b3\u03b9\u03b1 \u03c4\u03b7\u03bd \u03bf\u03bd\u03c4\u03cc\u03c4\u03b7\u03c4\u03b1:",
		"xh": "Asikwazanga ukufumana imetadata ye-entithi:",
		"zu": "Asikwazanga ukuthola imethadatha yenhlangano:",
		"st": "Ha re a kgona ho fumana metadata bakeng sa setheo:",
		"ca": "No hem pogut localitzar les metadades de l’entitat:"
	},
	"config_problem": {
		"no": "Dette er sannsynligvis et konfigurasjonsproblem hos enten tjenesteleverand\u00f8ren eller identitetsleverand\u00f8ren.",
		"nn": "Dette er sannsynlegvis eit problem med oppsettet hj\u00e5 anten tenesteleverand\u00f8ren eller identitetsleverand\u00f8ren.",
		"sv": "Detta beror oftast p\u00e5 ett konfigurationsfel antingen i tj\u00e4nsteleverant\u00f6ren eller identitetsutgivaren.",
		"sl": "Najverjetneje gre za te\u017eavo z nastavitvami bodisi ponudnika storitve (SP) bodisi ponudnika identitet (IdP).",
		"it": "Questo \u00e8 probabilmente un problema di configurazione del service provider o dell'identity provider.",
		"es": "Esto es posiblemente un problema de configuraci\u00f3n en el proveedor de servicios o en el proveedor de identidad.",
		"lt": "Tai grei\u010diausiai konfig\u016bracijos problema paslaugos teik\u0117jo arba tapatybi\u0173 teik\u0117jo pus\u0117je.",
		"hu": "Val\u00f3sz\u00edn\u0171leg valamilyen konfigur\u00e1ci\u00f3s probl\u00e9ma okozta hiba, amely lehet ak\u00e1r IdP-, ak\u00e1r SP-oldalon.",
		"fr": "Cela ressemble \u00e0 un probl\u00e8me de configuration soit du fournisseur de service ou du fournisseur d'identit\u00e9.",
		"nl": "Dit is waarschijnlijk een configuratieprobleem bij ofwel de serviceprovider ofwel de identiteitsverstrekker.",
		"ja": "\u3053\u308c\u306f\u6050\u3089\u304f\u30b5\u30fc\u30d3\u30b9\u30d7\u30ed\u30d0\u30a4\u30c0\u304b\u30a2\u30a4\u30c7\u30f3\u30c6\u30a3\u30c6\u30a3\u30d7\u30ed\u30d0\u30a4\u30c0\u306e\u8a2d\u5b9a\u306e\u554f\u984c\u3067\u3059\u3002",
		"da": "Der er sandsynligvis en konfigurationsfejl hos enten servicen eller identitetsudbyderen.",
		"de": "Ursache ist wahrscheinlich eine Fehlkonfiguration auf Seiten des Service Providers oder des Identity Providers.",
		"hr": "Najvjerojatnije je problem u konfiguraciji na strani davatelja usluge ili u konfiguraciji autentifikacijskog servisa.",
		"zh-tw": "\u670d\u52d9\u63d0\u4f9b\u8005\u6216\u9a57\u8b49\u63d0\u4f9b\u8005\u4e4b\u8a2d\u5b9a\u6a94\u53ef\u80fd\u6709\u554f\u984c\u3002",
		"et": "T\u00f5en\u00e4oliselt on tegemist probleemiga kas teenusepakkuja v\u00f5i identiteedipakkuja seadistustes.",
		"he": "\u05d6\u05d5, \u05db\u05db\u05dc \u05d4\u05e0\u05e8\u05d0\u05d4, \u05d1\u05e2\u05d9\u05d9\u05d4 \u05d1\u05d4\u05d2\u05d3\u05e8\u05d5\u05ea \u05e9\u05dc \u05e1\u05e4\u05e7 \u05d4\u05d6\u05d4\u05d5\u05ea \u05d0\u05d5 \u05e1\u05e4\u05e7 \u05d4\u05e9\u05d9\u05e8\u05d5\u05ea.",
		"ru": "\u0421\u043a\u043e\u0440\u0435\u0435 \u0432\u0441\u0435\u0433\u043e, \u044d\u0442\u043e \u043f\u0440\u043e\u0431\u043b\u0435\u043c\u0430 \u043a\u043e\u043d\u0444\u0438\u0433\u0443\u0440\u0430\u0446\u0438\u0438 \u043f\u043e\u0441\u0442\u0430\u0432\u0449\u0438\u043a\u0430 \u0443\u0441\u043b\u0443\u0433 \u0438\u043b\u0438 \u043f\u0440\u043e\u0432\u0430\u0439\u0434\u0435\u0440\u0430 \u043f\u043e\u0434\u043b\u0438\u043d\u043d\u043e\u0441\u0442\u0438.",
		"pt-br": "Isso \u00e9 possivelmente um problema de configura\u00e7\u00e3o do provedor de servi\u00e7os ou do provedor de identidade.",
		"zh": "\u8fd9\u53ef\u80fd\u662f\u670d\u52a1\u63d0\u4f9b\u8005\u6216\u8005\u8eab\u4efd\u63d0\u4f9b\u8005\u7684\u914d\u7f6e\u95ee\u9898",
		"ar": "\u0645\u0646 \u0627\u0644\u0627\u0631\u062c\u062d \u0627\u0646 \u0647\u0630\u0627 \u0627\u0644\u0627\u0634\u0643\u0627\u0644 \u0646\u0627\u0628\u0639 \u0627\u0645\u0627 \u0645\u0646  \u0645\u0634\u0643\u0644\u0629 \u0628\u0627\u0644\u0645\u062e\u062f\u0645 \u0623\u0648 \u0645\u0634\u0643\u0644\u0629 \u0628\u0645\u062d\u062f\u062f \u0627\u0644\u0647\u0648\u064a\u0629",
		"id": "Sepertinya ini terjadi karena ada kesalahan konfigurasi baik pada service provider maupun pada identity provider",
		"lv": "Visticam\u0101k \u0161\u012b ir konfigur\u0101cijas probl\u0113ma pie servisa pieg\u0101d\u0101t\u0101ja vai identit\u0101tes pieg\u0101d\u0101t\u0101ja.",
		"sr": "Najverojatnije je problem u pode\u0161avanjima davaoca servisa ili davaoca identiteta.",
		"ro": "Probabil exist\u0103 o problem\u0103 de configurare, fie la furnizorul de servicii fie la furnizorul de identitate.",
		"cs": "Toto je pravd\u011bpodobn\u011b konfigura\u010dn\u00ed probl\u00e9m na stran\u011b poskytovatele slu\u017eby nebo poskytovatele identity.",
		"eu": "Hau ziurrenik konfigurazio arazo bat izango da zerbitzu hornitzailean edota identitate hornitzailean. ",
		"af": "Di\u00e9 is waarskynlik 'n probleem met die konfigurasie by die diensverskaffer \u00f3f die identiteit verskaffer.",
		"el": "\u0391\u03c5\u03c4\u03cc \u03c5\u03c0\u03bf\u03b4\u03b5\u03b9\u03ba\u03bd\u03cd\u03b5\u03b9 \u03c0\u03c1\u03cc\u03b2\u03bb\u03b7\u03bc\u03b1 \u03bc\u03b5 \u03c4\u03b9\u03c2 \u03c1\u03c5\u03b8\u03bc\u03af\u03c3\u03b5\u03b9\u03c2 \u03b5\u03af\u03c4\u03b5 \u03c4\u03bf\u03c5 \u03c0\u03b1\u03c1\u03cc\u03c7\u03bf\u03c5 \u03c5\u03c0\u03b7\u03c1\u03b5\u03c3\u03b9\u03ce\u03bd \u03b5\u03af\u03c4\u03b5 \u03c4\u03bf\u03c5 \u03c0\u03b1\u03c1\u03cc\u03c7\u03bf\u03c5 \u03c4\u03b1\u03c5\u03c4\u03cc\u03c4\u03b7\u03c4\u03b1\u03c2.",
		"xh": "Kusenokwenzeka yingxaki yolungiselelo kumboneleli wenkonzo okanye umboneleli wesazisi.",
		"zu": "Lokhu kungenzeka ukuthi kubangelwa inkinga yomiso yomhlinzeki wesevisi noma umhlinzeki kamazisi.",
		"st": "Bona ke bothata bo ka kgonahalang ka ho fetisisa ho mofani wa tshebeletso kapa mofani wa tshebeletso.",
		"ca": "Aquest és probablement un problema de configuració del proveïdor de serveis o del proveïdor d’identitat."
	},
	"suggestion_user_link": {
		"no": "Hvis du er en bruker som fikk denne feilen etter at du fulgte en link p\u00e5 en nettside, s\u00e5 b\u00f8r du rapportere denne feilen til eieren av den nettsiden.",
		"nn": "Om du er ein brukar som mottok denne feilen etter at du f\u00f8lgde ei lenke p\u00e5 ei nettside, s\u00e5 b\u00f8r du melde denne feilen til eigaren av den nettsida.",
		"sv": "Om du \u00e4r en anv\u00e4ndare och fick detta fel n\u00e4r du klickade p\u00e5 en l\u00e4nk b\u00f6r du rapportera felet till den som hanterar webbplatsen med l\u00e4nken.",
		"sl": "\u010ce ste na to te\u017eavo naleteli po kliku povezave te spletne strani, prijavite te\u017eavo skrbniku te spletne strani.",
		"it": "Se sei un utente che ha ricevuto questo errore dopo aver cliccato un link su un sito, dovresti riportare questo errore al gestore di quel sito.",
		"es": "Si usted es un usuario que recibe este error luego de seguir un v\u00ednculo en un sitio, debe reportar el error al due\u00f1o del sitio.",
		"lt": "Jei J\u016bs esate naudotojas, kuris gavote \u0161i\u0105 klaid\u0105 spragtel\u0117j\u0119s nuorod\u0105 tinklapyje, J\u016bs tur\u0117tum\u0117te informuoti tinklapio administratori\u0173 apie \u0161i\u0105 klaid\u0105.",
		"hu": "Amennyiben \u00f6n, mint felhaszn\u00e1l\u00f3 keveredett erre az oldalra, \u00fagy k\u00e9rj\u00fck, a hib\u00e1val keresse az oldal adminisztr\u00e1tor\u00e1t.",
		"fr": "Si vous \u00eates un usager qui re\u00e7oit cette erreur apr\u00e8s avoir suivi un lien sur un site, vous devriez remonter cette erreur au propri\u00e9taire de ce site.",
		"nl": "Als u een eindgebruiker bent die deze foutmelding kreeg na het volgen van een link op een site, dan kunt u deze fout melden bij de eigenaar van die site.",
		"ja": "\u3082\u3057\u3042\u306a\u305f\u304c\u30e6\u30fc\u30b6\u30fc\u3067\u4ee5\u4e0b\u306e\u30ea\u30f3\u30af\u306e\u30b5\u30a4\u30c8\u3067\u3053\u306e\u30a8\u30e9\u30fc\u3092\u53d7\u3051\u53d6\u3063\u305f\u306e\u3067\u3042\u308c\u3070\u3001\u3042\u306a\u305f\u306f\u3053\u306e\u30a8\u30e9\u30fc\u3092\u30b5\u30a4\u30c8\u306e\u7ba1\u7406\u8005\u306b\u5831\u544a\u3057\u3066\u304f\u3060\u3055\u3044\u3002",
		"da": "Hvis du har modtaget denne fejlbesked efter at have klikket p\u00e5 et lilnk, skal du rappoterer fejlen til ejeren af siden. ",
		"de": "Sind Sie lediglich einem Verweis einer anderen Website hierher gefolgt, sollten Sie diesen Fehler den Betreibern der Website melden.",
		"hr": "Ako se ova gre\u0161ka pojavila nakon \u0161to ste slijedili poveznicu na nekoj web stranici, onda biste gre\u0161ku trebali prijaviti vlasniku navedene stranice.",
		"zh-tw": "\u82e5\u60a8\u662f\u500b\u4f7f\u7528\u8005\uff0c\u800c\u60a8\u65bc\u6b64\u7ad9\u53f0\u6536\u5230\u4e0b\u5217\u9023\u7d50\uff0c\u8acb\u53cd\u6620\u6b64\u932f\u8aa4\u7d66\u6b64\u7ad9\u53f0\u7ba1\u7406\u54e1\u3002",
		"et": "Kui sa oled kasutaja, kes sai selle veateate veebilehel linki kl\u00f5psates, siis peaksid sellest t\u00f5rkest veebilehe omanikku teavitama.",
		"he": "\u05d0\u05dd \u05d0\u05ea\u05d4 \u05de\u05e9\u05ea\u05de\u05e9 \u05e9\u05e7\u05d9\u05d1\u05dc \u05e9\u05d2\u05d9\u05d0\u05d4 \u05d6\u05d5 \u05dc\u05d0\u05d7\u05e8 \u05dc\u05d7\u05d9\u05e6\u05d4 \u05e2\u05dc \u05e7\u05d9\u05e9\u05d5\u05e8 \u05d1\u05d0\u05ea\u05e8, \u05db\u05d3\u05d9 \u05e9\u05ea\u05d3\u05d5\u05d5\u05d7 \u05e2\u05dc \u05d4\u05e9\u05d2\u05d9\u05d0\u05d4 \u05dc\u05d1\u05e2\u05dc\u05d9 \u05d4\u05d0\u05ea\u05e8.",
		"ru": "\u0415\u0441\u043b\u0438, \u043f\u0435\u0440\u0435\u0439\u0434\u044f \u043f\u043e \u0441\u0441\u044b\u043b\u043a\u0435 \u043d\u0430 \u0441\u0430\u0439\u0442, \u0432\u044b \u0443\u0432\u0438\u0434\u0435\u043b\u0438 \u044d\u0442\u0443 \u043e\u0448\u0438\u0431\u043a\u0443, \u0432\u044b \u0434\u043e\u043b\u0436\u043d\u044b \u0441\u043e\u043e\u0431\u0449\u0438\u0442\u044c \u043e\u0431 \u044d\u0442\u043e\u043c \u0432\u043b\u0430\u0434\u0435\u043b\u0435\u0446\u0443 \u044d\u0442\u043e\u0433\u043e \u0441\u0430\u0439\u0442\u0430.",
		"pt-br": "Se voc\u00ea \u00e9 um usu\u00e1rio que recebeu esse erro depois de seguir um link em um site, voc\u00ea deve relatar esse erro para o propriet\u00e1rio do site.",
		"zh": "\u5982\u679c\u4f60\u662f\u70b9\u51fb\u4e00\u4e2a\u7f51\u7ad9\u4e0a\u7684\u94fe\u63a5\u540e\u6536\u5230\u8be5\u9519\u8bef\u7684\u7528\u6237\uff0c\u4f60\u5e94\u8be5\u62a5\u544a\u8fd9\u4e2a\u9519\u8bef\u7ed9\u7ad9\u70b9\u6240\u6709\u4eba",
		"ar": "\u0627\u0646 \u062a\u0639\u0631\u0636\u062a \u0644\u0647\u0630\u0627 \u0627\u0644\u0627\u0634\u0643\u0627\u0644 \u0628\u0639\u064a\u062f \u0627\u062a\u0628\u0627\u0639\u0643  \u0644\u0631\u0627\u0628\u0637 \u0628\u0645\u0648\u0642\u0639 \u0645\u0627, \u064a\u0646\u0628\u063a\u064a \u0639\u0644\u064a\u0643 \u0627\u0644\u0627\u0628\u0644\u0627\u063a \u0639\u0646 \u0647\u0630\u0627 \u0627\u0644\u0627\u0634\u0643\u0627\u0644 \u0644\u0645\u0627\u0644\u0643  \u0627\u0644\u0645\u0648\u0642\u0639 \u0627\u0644\u0645\u0639\u0646\u064a",
		"id": "Jika adalah user yang menerika error ini setelah mengklik link pada sebuah situs, anda harus melaporkan error ini kepada pemilik situs tersebut",
		"lv": "Ja J\u016bs esat lietot\u0101js un sa\u0146emat \u0161o k\u013c\u016bdu, sekojot saitei k\u0101d\u0101 interneta lap\u0101, Jums j\u0101zi\u0146o par \u0161o k\u013c\u016bdu lapas \u012bpa\u0161niekam.",
		"sr": "Ukoliko se ova gre\u0161ka pojavila nakon \u0161to ste sledili link na nekoj web stranici, onda biste gre\u0161ku trebali prijaviti vlasniku navedene stranice.",
		"ro": "Dac\u0103 sunte\u021bi un utilizator care a primit acest mesaj de eroare \u00een urma utiliz\u0103rii unui link din alt sit, v\u0103 rug\u0103m s\u0103 anun\u021ba\u021bi aceast\u0103 eroare de\u021bin\u0103torului sitului respectiv.",
		"cs": "Pokud jste u\u017eivatel, kter\u00fd obdr\u017eel chybu po n\u00e1sledov\u00e1n\u00ed odkazu na webov\u00e9 str\u00e1nce, m\u011bli byste o t\u00e9to chyb\u011b informovat vlastn\u00edka t\u00e9to str\u00e1nky. ",
		"eu": "Gune bateko lotura bat jarraituz errore hau jasotzen duen erabiltzaile bat bazara,  guneko jabeari eman behar diozu errorearen berri.",
		"af": "As jy 'n gebruiker is wat na aanleiding van 'n skakel op 'n webwerf hierdie fout ontvang het, moet jy hierdie fout aan die eienaar van die webwerf aan stuur.",
		"el": "\u0391\u03bd \u03bb\u03ac\u03b2\u03b1\u03c4\u03b5 \u03b1\u03c5\u03c4\u03cc \u03c4\u03bf \u03c3\u03c6\u03ac\u03bb\u03bc\u03b1 \u03b1\u03ba\u03bf\u03bb\u03bf\u03c5\u03b8\u03ce\u03bd\u03c4\u03b1\u03c2 \u03ad\u03bd\u03b1\u03bd \u03c3\u03cd\u03bd\u03b4\u03b5\u03c3\u03bc\u03bf \u03c3\u03b5 \u03ba\u03ac\u03c0\u03bf\u03b9\u03bf\u03bd \u03b9\u03c3\u03c4\u03cc\u03c4\u03bf\u03c0\u03bf, \u03b8\u03b1 \u03c0\u03c1\u03ad\u03c0\u03b5\u03b9 \u03bd\u03b1 \u03c4\u03bf \u03b1\u03bd\u03b1\u03c6\u03ad\u03c1\u03b5\u03c4\u03b5 \u03c3\u03c4\u03bf\u03bd \u03b9\u03b4\u03b9\u03bf\u03ba\u03c4\u03ae\u03c4\u03b7 \u03c4\u03bf\u03c5 \u03b5\u03bd \u03bb\u03cc\u03b3\u03c9 \u03b9\u03c3\u03c4\u03cc\u03c4\u03bf\u03c0\u03bf\u03c5.",
		"xh": "Ukuba ngaba ungumsebenzisi ofumene le mpazamo emva kokulandela ilinki kwisayithi, ufanele uchaze le mpazamo kumnini walo sayithi.",
		"zu": "Uma ungumsebenzisi othole leli phutha ngemva kokulandela ilinki ekusayithi, kufanele ubike leli phutha kumnikazi waleyo sayithi.",
		"st": "Haeba o le mosebedisi ya fumaneng phoso ena kamora ho latela lehokela le setsing, o tlameha ho tlaleha phoso ena ho monga setsi.",
		"ca": "Si sou un usuari que ha rebut aquest error després de seguir un enllaç d’un lloc, haureu d’informar d’aquest error al propietari del lloc."
	},
	"suggestion_developer": {
		"no": "Hvis du er en utvikler som setter opp en \"single sign-on\" l\u00f8sning, s\u00e5 har du et problem med metadataoppsettet. Kontroller at metadata er riktig konfigurert hos b\u00e5de identitetsleverand\u00f8ren og tjenesteleverand\u00f8ren.",
		"nn": "Om du er ein utviklar som set opp ei \"single sign-on\" l\u00f8ysing, s\u00e5 har du eit problem med metadataoppsettet. Kontroller at metadata er rett satt opp hj\u00e5 b\u00e5de identitetsleverand\u00f8ren og tenesteleverand\u00f8ren.",
		"sv": "Om du \u00e4r en utvecklare som drifts\u00e4tter en l\u00f6sning med single-on har du problem med metadatakonfigurationen. Kontrollera att metadata \u00e4r korrekt konfigurerade b\u00e5de i identitetsutgivare och tj\u00e4nsteleverant\u00f6ren.",
		"sl": "\u010ce ste razvijalec, ki razvija SSO re\u0161itev preverite, ali so nastavitve metapodatkov ustrezne, tako na stani ponudnika identitete (IdP), kot na strani ponudnika storitve (SP).",
		"it": "Se sei uno sviluppatore che sta sviluppando una soluzione di single sign-on, hai un problema con la configurazione dei metadati. Verifica che siano correttamente configurati sia sull'identity provider che sul service provider.",
		"es": "Si usted es un desarrollador que est\u00e1 desplegando una soluci\u00f3n de inicio \u00fanico, tiene un problema con la configuraci\u00f3n de sus metadatos. Verifique que los metadatos est\u00e1n configurados correctamente en el proveedor de identidad y en el proveedor de servicios",
		"lt": "Jei J\u016bs esate k\u016br\u0117jas, kuris diegiate SSO sprendim\u0105, Jums i\u0161kilo problema susijusi su metaduomen\u0173 konfig\u016bracija. Patikrinkite, ar metaduomenys teisingai sukonfig\u016bruoti tiek tapatybi\u0173 teik\u0117jo, tiek paslaugos teik\u0117jo pus\u0117se.",
		"hu": "Ha \u00f6n az oldal \u00fczemeltet\u0151je, \u00fagy javasoljuk, ellen\u0151rizze a metaadat be\u00e1ll\u00edt\u00e1sokat mint IdP-, mind SP oldalon.",
		"fr": "Si vous \u00eates un d\u00e9veloppeur qui d\u00e9ploie une solution de single sign-on, vous avez un probl\u00e8me avec la configuration des m\u00e9tadonn\u00e9es. V\u00e9rifiez que ces m\u00e9tadonn\u00e9es sont correctement configur\u00e9es sur le fournisseur d'identit\u00e9 et le fournisseur de service ",
		"nl": "Als u een ontwikkelaar bent die een single sign-on oplossing aan het implementeren is, heeft u een probleem met de metadataconfiguratie. Controleer of de metadata correct is geconfigureerd zowel bij de identiteitsverstrekker als bij de service provider.",
		"ja": "\u3082\u3057\u3042\u306a\u305f\u304c\u958b\u767a\u8005\u3067\u30b7\u30f3\u30b0\u30eb\u30b5\u30a4\u30f3\u30aa\u30f3\u30b7\u30b9\u30c6\u30e0\u306e\u69cb\u7bc9\u8005\u3067\u3042\u308b\u5834\u5408\u3001\u30e1\u30bf\u30c7\u30fc\u30bf\u306e\u8a2d\u5b9a\u306b\u554f\u984c\u304c\u6709\u308a\u307e\u3059\u3002\u30a2\u30a4\u30c7\u30f3\u30c6\u30a3\u30c6\u30a3\u30d7\u30ed\u30d0\u30a4\u30c0\u3068\u30b5\u30fc\u30d3\u30b9\u30d7\u30ed\u30d0\u30a4\u30c0\u306e\u4e21\u65b9\u306b\u30e1\u30bf\u30c7\u30fc\u30bf\u304c\u6b63\u3057\u304f\u8a2d\u5b9a\u3055\u308c\u3066\u3044\u308b\u304b\u78ba\u8a8d\u3057\u3066\u304f\u3060\u3055\u3044\u3002",
		"da": "Hvis du er udvikler, s\u00e5 har du et metadata-konfigurationsproblem. Tjek at metadata er konfigurerede korrekt b\u00e5de p\u00e5 service-siden og identitetsudbyder-siden.",
		"de": "Arbeiten Sie selbst an einem Web Single Sign-On System, stimmt mit den benutzten Metadaten etwas nicht. \u00dcberpr\u00fcfen Sie die Metadaten des Identity Providers und des Service Providers.",
		"hr": "Ako ste programer koji postavlja sustav jedinstvene autentifikacije (Single Sign-On sustav), tada imate problema s konfiguracijom metapodataka. Provjerite jesu li metapodaci ispravno uneseni i na strani davatelja usluge i u konfiguraciji autentifikacijskog servisa.",
		"zh-tw": "\u82e5\u60a8\u662f\u55ae\u4e00\u7c3d\u5165\u7a0b\u5f0f\u958b\u767c\u4eba\u54e1\uff0c\u60a8\u7684 Metadata \u8a2d\u5b9a\u53ef\u80fd\u6709\u554f\u984c\u3002\u8acb\u78ba\u8a8d\u670d\u52d9\u63d0\u4f9b\u8005\u6216\u9a57\u8b49\u63d0\u4f9b\u8005\u4e4b Metadata \u8a2d\u5b9a\u6a94\u662f\u5426\u6b63\u78ba\u3002",
		"et": "Kui sa oled arendaja, kes juurutab \u00fchekordse sisselogimise lahendust, siis on probleemi p\u00f5hjuseks metaandmete seadistused. Kontrolli, et metaandmed oleks seadistatud korrektselt nii identiteedipakkuja kui teenusepakkuja poolel.",
		"he": "\u05d0\u05dd \u05d0\u05ea\u05d4 \u05de\u05e4\u05ea\u05d7 \u05e9\u05e4\u05d5\u05e8\u05e9 \u05e4\u05d9\u05ea\u05e8\u05d5\u05df \u05d4\u05ea\u05d7\u05d1\u05e8\u05d5\u05ea \u05d9\u05d7\u05d9\u05d3\u05d4, \u05d9\u05e9 \u05dc\u05da \u05d1\u05e2\u05d9\u05d9\u05d4 \u05e2\u05dd \u05d4\u05d2\u05d3\u05e8\u05d5\u05ea \u05d4\u05de\u05d8\u05d0-\u05de\u05d9\u05d3\u05e2. \u05d1\u05d3\u05d5\u05e7 \u05e9\u05d4\u05de\u05d8\u05d0-\u05de\u05d9\u05d3\u05e2 \u05de\u05d5\u05d2\u05d3\u05e8 \u05e0\u05db\u05d5\u05df \u05d1\u05e1\u05e4\u05e7\u05d9 \u05d4\u05d6\u05d4\u05d5\u05ea \u05d5\u05d4\u05e9\u05e8\u05d5\u05ea.",
		"ru": "\u0415\u0441\u043b\u0438 \u0432\u044b \u0440\u0430\u0437\u0440\u0430\u0431\u043e\u0442\u0447\u0438\u043a \u0432\u043d\u0435\u0434\u0440\u044f\u044e\u0449\u0438\u0439 \u0422\u0435\u0445\u043d\u043e\u043b\u043e\u0433\u0438\u044e \u0435\u0434\u0438\u043d\u043e\u0433\u043e \u0432\u0445\u043e\u0434 (SSO), \u0443 \u0432\u0430\u0441 \u0435\u0441\u0442\u044c \u043f\u0440\u043e\u0431\u043b\u0435\u043c\u044b \u0441 \u043c\u0435\u0442\u0430\u0434\u0430\u043d\u043d\u044b\u043c\u0438 \u043a\u043e\u043d\u0444\u0438\u0433\u0443\u0440\u0430\u0446\u0438\u0438. \u0423\u0431\u0435\u0434\u0438\u0442\u0435\u0441\u044c, \u0447\u0442\u043e \u043c\u0435\u0442\u0430\u0434\u0430\u043d\u043d\u044b\u0435 \u043d\u0430\u0441\u0442\u0440\u043e\u0435\u043d\u044b \u043f\u0440\u0430\u0432\u0438\u043b\u044c\u043d\u043e \u043d\u0430 \u041f\u0440\u043e\u0432\u0430\u0439\u0434\u0435\u0440\u0435 \u043f\u043e\u0434\u043b\u0438\u043d\u043d\u043e\u0441\u0442\u0438 \u0438 \u041f\u043e\u0441\u0442\u0430\u0432\u0449\u0438\u043a\u0435 \u0443\u0441\u043b\u0443\u0433.",
		"pt-br": "Se voc\u00ea \u00e9 um desenvolvedor que est\u00e1 implantando uma solu\u00e7\u00e3o SSO, voc\u00ea tem um problema com a configura\u00e7\u00e3o de metadados. Verifique se os metadados est\u00e3o configurados corretamente no provedor de identidade e no provedor de servi\u00e7os.",
		"zh": "\u5982\u679c\u4f60\u662f\u90e8\u7f72\u8fd9\u4e2a\u5355\u70b9\u767b\u5f55\u7cfb\u7edf\u7684\u5f00\u53d1\u4eba\u5458\uff0c\u90a3\u4e48\u4f60\u7684\u914d\u7f6e\u6587\u4ef6\u5b58\u5728\u95ee\u9898\uff0c\u9a8c\u8bc1\u670d\u52a1\u63d0\u4f9b\u8005\u548c\u8eab\u4efd\u63d0\u4f9b\u8005\u662f\u5426\u914d\u7f6e\u6b63\u786e",
		"ar": " \u0648 \u0643\u0627\u0646\u062a (Single Sign-On) \u0627\u0646 \u0643\u0646\u062a \u0645\u0628\u0631\u0645\u062c\u0627\u064b \u062a\u0639\u0645\u0644 \u0639\u0644\u064a \u062a\u0648\u0641\u064a\u0631 \u062d\u0644  \u0644\u062a\u0648\u062b\u064a\u0642 \u062f\u062e\u0648\u0644 \u0644\u0645\u0631\u0629 \u0648\u0627\u062d\u062f\u0629  \u0644\u062f\u064a\u0643 \u0645\u0634\u0643\u0644\u0629 \u0628\u0627\u062f\u062e\u0627\u0644 \u0627\u0644\u0628\u064a\u0627\u0646\u0627\u062a \u0627\u0644\u0648\u0635\u0641\u064a\u0629, \u062a\u0623\u0643\u062f \u0645\u0646 \u0623\u0646 \u0623\u062f\u062e\u0627\u0644 \u0627\u0644\u0628\u064a\u0627\u0646\u0627\u062a \u0627\u0644\u0648\u0635\u0641\u064a\u0629 \u0635\u062d\u064a\u062d \u0628\u0643\u0644 \u0645\u0646 \u0645\u062d\u062f\u062f \u0627\u0644\u0647\u0648\u064a\u0629 \u0648 \u0627\u0644\u0645\u062e\u062f\u0645  ",
		"id": "Jika anda adalah pengembang yang mendeploy solusi sing-on, anda memiliki masalah dengan konfigurasi metadata.  Periksalah kalau metadata telah dikonfigurasi dengan benar baik pada sisi identity provider dan pada sisi service provider.",
		"lv": "Ja J\u016bs esat vienotas piesl\u0113g\u0161an\u0101s risin\u0101juma izstr\u0101d\u0101t\u0101js, J\u016bsu metadatu konfigur\u0101cij\u0101 ir k\u013c\u016bda. P\u0101rbaudiet tos gan pie identit\u0101tes pieg\u0101d\u0101t\u0101ja, gan pie servisa pieg\u0101d\u0101t\u0101ja.",
		"sr": "Postoji gre\u0161ka sa pode\u0161avanjima metapodataka. Ukoliko ste administrator sistema, proverite da li metapodaci ispravno uneseni na strani davaoca servisa i davaoca identiteta.",
		"ro": "Dac\u0103 sunte\u021bi dezvoltator care implementeaz\u0103 o solu\u021bie <i>single sign-on<\/i>, ave\u021bi o problem\u0103 la configurarea metadatelor. V\u0103 rug\u0103m s\u0103 verifica\u021bi configurarea corect\u0103 a metadatelor, at\u00e2t la furnizorul de identitate c\u00e2t \u0219i la furnizorul de servicii.",
		"cs": "Pokud jste v\u00fdvoj\u00e1\u0159 nasazuj\u00edc\u00ed \u0159e\u0161en\u00ed jednotn\u00e9ho p\u0159ihla\u0161ov\u00e1n\u00ed, m\u00e1te probl\u00e9m s konfigurac\u00ed metadat. Ov\u011b\u0159te, zda jsou metadata nakonfigurov\u00e1na spr\u00e1vn\u011b jak u poskytovatele identity tak u poskytovatele slu\u017eby.",
		"eu": "Hasiera-bakarreko sistema bat zabaltzen ari zaren garatzaile bat bazara, arazo bat duzu zure metadatuen kongigurazioarekin. Egiazta ezazu metadatuak zuzen konfiguratuak daudela identitate hornitzailean eta zerbitzu hornitzailean.",
		"af": "As jy 'n programmeerder is wat die 'single sign-on' oplossing implementeer, het jy 'n probleem met die metadata opset. Bevestig dat die metadata korrek ingestel is op beide die identiteit verskaffer en diensverskaffer.",
		"el": "\u0395\u03ac\u03bd \u03b5\u03af\u03c3\u03c4\u03b5 \u03b4\u03b9\u03b1\u03c7\u03b5\u03b9\u03c1\u03b9\u03c3\u03c4\u03ae\u03c2 \u03c4\u03b7\u03c2 \u03c5\u03c0\u03b7\u03c1\u03b5\u03c3\u03af\u03b1\u03c2 \u03c4\u03b1\u03c5\u03c4\u03bf\u03c0\u03bf\u03af\u03b7\u03c3\u03b7\u03c2 \u03ba\u03b1\u03b9 \u03b5\u03be\u03bf\u03c5\u03c3\u03b9\u03bf\u03b4\u03cc\u03c4\u03b7\u03c3\u03b7\u03c2, \u03c4\u03cc\u03c4\u03b5 \u03b1\u03bd\u03c4\u03b9\u03bc\u03b5\u03c4\u03c9\u03c0\u03af\u03b6\u03b5\u03c4\u03b5 \u03ba\u03ac\u03c0\u03bf\u03b9\u03bf \u03c0\u03c1\u03cc\u03b2\u03bb\u03b7\u03bc\u03b1 \u03bc\u03b5 \u03c4\u03b7 \u03b4\u03b9\u03b1\u03bc\u03cc\u03c1\u03c6\u03c9\u03c3\u03b7 \u03c4\u03c9\u03bd \u03bc\u03b5\u03c4\u03b1\u03b4\u03b5\u03b4\u03bf\u03bc\u03ad\u03bd\u03c9\u03bd. \u0392\u03b5\u03b2\u03b1\u03b9\u03c9\u03b8\u03b5\u03af\u03c4\u03b5 \u03cc\u03c4\u03b9 \u03c4\u03b1 \u03bc\u03b5\u03c4\u03b1\u03b4\u03b5\u03b4\u03bf\u03bc\u03ad\u03bd\u03b1 \u03ad\u03c7\u03bf\u03c5\u03bd \u03c1\u03c5\u03b8\u03bc\u03b9\u03c3\u03c4\u03b5\u03af \u03c3\u03c9\u03c3\u03c4\u03ac \u03c4\u03cc\u03c3\u03bf \u03c3\u03c4\u03bf\u03bd \u03c0\u03ac\u03c1\u03bf\u03c7\u03bf \u03c4\u03b1\u03c5\u03c4\u03cc\u03c4\u03b7\u03c4\u03b1\u03c2 \u03cc\u03c3\u03bf \u03ba\u03b1\u03b9 \u03c3\u03c4\u03bf\u03bd \u03c0\u03ac\u03c1\u03bf\u03c7\u03bf \u03c5\u03c0\u03b7\u03c1\u03b5\u03c3\u03b9\u03ce\u03bd.",
		"xh": "Ukuba ungumvelisi osebenzisa isisombululo sokusayina ungene kanye, unengxaki nolungiselelo lwe-metadata. Qinisekisa ukuba i-metadata ilungiselelwe ngokuchanekileyo kuzo zombini umbonelei wesazisi nomboneleli wenkonzo.",
		"zu": "Uma ungunjiniyela osebenzisa isixazululo sokusayinela ukungena esisodwa, unenkinga ngomiso lwemethadatha. Qinisekisa ukuthi imethadatha imiswe ngendlela efanele kokubili kumhlinzeki womazisi nomhlinzeki wesevisi.",
		"st": "Haeba o mohlahisi ya sebedisang tharollo ya ho saena hang, o na le bothata ka phetolo ya metadata. Netefatsa hore metadata e hlophiswe ka ho nepahala ho bobedi mofani wa boitsebiso le mofani wa tshebeletso.",
		"ca": "Si sou un desenvolupador que està desplegant una solució d'inici de sessió únic, teniu un problema amb la configuració de metadades. Verifiqueu que les metadades estiguin configurades correctament tant al proveïdor d’identitat com al proveïdor de serveis."
	}
}
