{
	"title": {
		"no": "Utlogget",
		"nn": "Utlogga",
		"sv": "Utloggad",
		"es": "Sesión cerrada",
		"fr": "D\u00e9connect\u00e9",
		"de": "Abgemeldet",
		"nl": "Uitgelogd",
		"sl": "Odjavljen",
		"da": "Du er logget ud",
		"hr": "Odjavljeni ste",
		"hu": "Sikeres kil\u00e9p\u00e9s",
		"fi": "Uloskirjautunut",
		"pt-br": "Desconectado",
		"pt": "Sa\u00edda efectuada com sucesso",
		"pl": "Wylogowano",
		"cs": "Odhl\u00e1\u0161en",
		"eu": "Saioa itxita.",
		"tr": "\u00c7\u0131kt\u0131n\u0131z",
		"it": "Disconnesso",
		"lt": "Atsijungta",
		"ja": "\u30ed\u30b0\u30a2\u30a6\u30c8",
		"zh-tw": "\u767b\u51fa",
		"et": "Logis v\u00e4lja",
		"he": "\u05d4\u05ea\u05e0\u05ea\u05e7\u05d5\u05ea \u05de\u05d4\u05de\u05e2\u05e8\u05db\u05ea",
		"zh": "\u9000\u51fa",
		"ar": "\u062e\u0631\u0648\u062c",
		"lv": "Atsl\u0113dzies",
		"id": "Log out",
		"sr": "Odjavljeni ste",
		"ro": "Ie\u0219ire din sistem (deautentificare)",
		"ru": "\u0423\u0441\u043f\u0435\u0448\u043d\u044b\u0439 \u0432\u044b\u0445\u043e\u0434",
		"af": "Afgemeld",
		"el": "\u0391\u03c0\u03bf\u03c3\u03c5\u03bd\u03b4\u03b5\u03b4\u03b5\u03bc\u03ad\u03bd\u03bf\u03c2/\u03b7",
		"xh": "Uphumile",
		"zu": "Uphume ngemvume",
		"st": "O ntshitswe",
		"ca": "Desconnectat"
	},
	"logged_out_text": {
		"no": "Du er n\u00e5 utlogget.",
		"nn": "Du har blitt logga ut.  Takk for at du brukte denne tenesta.",
		"sv": "Du har blivit uloggad. Tack f\u00f6r att du anv\u00e4nde denna tj\u00e4nst.",
		"es": "Se ha cerrado la sesión.",
		"fr": "Vous avez \u00e9t\u00e9 d\u00e9connect\u00e9. Merci d'avoir utilis\u00e9 ce service.",
		"de": "Sie wurden abgemeldet. Danke, dass Sie diesen Dienst verwendet haben.",
		"nl": "U bent uitgelogd. Dank u voor het gebruiken van deze dienst.",
		"sl": "Odjava je bila uspe\u0161na. Hvala, ker uporabljate to storitev.",
		"da": "Du er blevet logget ud. Tak for fordi du brugte denne tjeneste.",
		"hr": "Uspje\u0161no ste se odjavili.",
		"hu": "Sikeresen kijelentkezett. K\u00f6sz\u00f6nj\u00fck, hogy haszn\u00e1lta a szolg\u00e1ltat\u00e1st.",
		"fi": "Olet kirjautunut ulos",
		"pt-br": "Voc\u00ea foi desconectado.",
		"pt": "Sa\u00edda efectuada com sucesso. Obrigado por ter usado este servi\u00e7o.",
		"pl": "Zosta\u0142e\u015b wylogowany. Dzi\u0119kuj\u0119 za skorzystanie z serwisu.",
		"cs": "Jste odhl\u00e1\u0161en. D\u011bkujeme za pou\u017eit\u00ed t\u00e9to slu\u017eby.",
		"eu": "Saioa itxi da.",
		"tr": "\u00c7\u0131kt\u0131n\u0131z",
		"it": "Sei stato disconnesso",
		"lt": "J\u016bs buvote atjungtas nuo sistemos.",
		"ja": "\u30ed\u30b0\u30a2\u30a6\u30c8\u3057\u307e\u3057\u305f\u3002",
		"zh-tw": "\u60a8\u5df2\u767b\u51fa\u3002",
		"et": "Sa oled v\u00e4lja logitud.",
		"he": "\u05d4\u05ea\u05e0\u05ea\u05e7\u05ea \u05de\u05df \u05d4\u05de\u05e2\u05e8\u05db\u05ea",
		"zh": "\u4f60\u5df2\u7ecf\u9000\u51fa\u4e86",
		"ar": "\u0644\u0642\u062f\u062e\u0631\u0648\u062c \u0644\u0642\u062f \u0642\u0645\u062a \u0628\u0627\u0644\u062e\u0631\u0648\u062c",
		"lv": "J\u016bs esat izg\u0101jis no sist\u0113mas.",
		"id": "Anda telah log out.",
		"sr": "Uspe\u0161no ste se odjavili.",
		"ro": "A\u021bi fost deautentificat",
		"ru": "\u0412\u044b \u0443\u0441\u043f\u0435\u0448\u043d\u043e \u0432\u044b\u0448\u043b\u0438 \u0438\u0437 \u0441\u0438\u0441\u0442\u0435\u043c\u044b",
		"af": "Jy is afgemeld.",
		"el": "\u0388\u03c7\u03b5\u03c4\u03b5 \u03b1\u03c0\u03bf\u03c3\u03c5\u03bd\u03b4\u03b5\u03b8\u03b5\u03af.",
		"zu": "Usuphumile.",
		"xh": "Uphumile.",
		"st": "O ntshitswe.",
		"ca": "Us heu desconnectat."
	},
	"default_link_text": {
		"no": "G\u00e5 tilbake til SimpleSAMLphp installasjonen sin startside.",
		"nn": "G\u00e5 tilbake til SimpleSAMLphp installasjonssida",
		"sv": "\u00c5ter till installationssidan f\u00f6r SimpleSAMLphp",
		"es": "Volver a la p\u00e1gina de instalaci\u00f3n de SimpleSAMLphp",
		"fr": "Retournez \u00e0 la page d'installation de SimpleSAML.",
		"de": "Zur\u00fcck zur SimpleSAMLphp Installationsseite",
		"nl": "Ga terug naar de SimpleSAMLphp installatiepagina",
		"sl": "Nazaj na namestitveno stran SimpleSAMLphp",
		"da": "Tilbage til SimpleSAMLphp installationssiden",
		"hr": "Natrag na po\u010detnu stranicu SimpleSAMLphp instalacije",
		"hu": "Vissza a SimpleSAMLphp telep\u00edt\u0151 oldal\u00e1ra",
		"fi": "Palaa SimpleSAMLphp asennussivulle",
		"pt-br": "Voltar a instala\u00e7\u00e3o do SimpleSAMLphp",
		"pt": "Voltar \u00e0 p\u00e1gina de instala\u00e7\u00e3o do SimpleSAMLphp",
		"pl": "Wr\u00f3c do strony \"instalacja SimpleSAMLphp\"",
		"cs": "Zp\u00e1tky na SimpleSAMLphp instala\u010dn\u00ed str\u00e1nku",
		"tr": "SimpleSAMLphp kurulum sayfas\u0131na geri d\u00f6n",
		"it": "Torna alla pagine di installazione di SimpleSAMLphp",
		"lt": "Gr\u012f\u017eti atgal \u012f SimpleSAMLphp diegimo puslap\u012f",
		"ja": "SimpleSAMLphp\u306e\u8a2d\u5b9a\u30da\u30fc\u30b8\u306b\u623b\u308b",
		"zh-tw": "\u56de\u5230 SimpleSAMLphp \u5b89\u88dd\u9801\u9762",
		"et": "Mine tagasi SimpleSAMLphp paigalduslehek\u00fcljele",
		"he": "\u05d7\u05d6\u05d5\u05e8 \u05dc\u05d3\u05e3 \u05d4\u05d4\u05ea\u05e7\u05e0\u05d4 \u05e9\u05dc SimpleSAMLphp",
		"zh": "\u8fd4\u56deSimpleSAMLphp\u5b89\u88c5\u9875\u9762",
		"ar": "\u0639\u062f \u0644\u0635\u0641\u062d\u0629 \u0625\u0646\u0632\u0627\u0644 SimpleSAMLphp",
		"lv": "Iet atpaka\u013c uz SimpleSAMLphp instal\u0101cijas lapu",
		"id": "Kembali ke halaman instalasi SimpleSAMLphp",
		"sr": "Natrag na po\u010detnu stranicu SimpleSAMLphp instalacije",
		"ro": "Merge\u021bi \u00eenapoi la pagina de instalare a SimpleSAMLphp",
		"ru": "\u0412\u0435\u0440\u043d\u0443\u0442\u044c\u0441\u044f \u043d\u0430 \u0441\u0442\u0440\u0430\u043d\u0438\u0446\u0443 \u0443\u0441\u0442\u0430\u043d\u043e\u0432\u043a\u0438 SimpleSAMLphp",
		"eu": "Itzuli SimpleSAMLphp instalazio orrira ",
		"af": "Gaan terug na die SimpleSAMLphp installasie bladsy",
		"el": "\u0395\u03c0\u03b9\u03c3\u03c4\u03c1\u03bf\u03c6\u03ae \u03c3\u03c4\u03b7\u03bd \u03b1\u03c1\u03c7\u03b9\u03ba\u03ae \u03c3\u03b5\u03bb\u03af\u03b4\u03b1",
		"xh": "Buyela emva kwikhasi lofakelo le-SimpleSAMLphp",
		"zu": "Buyela emuva ekhasini lokufaka le-SimpleSAMLphp",
		"st": "Kgutlela leqepheng la ho instola la SimpleSAMLphp",
		"ca": "Torneu a la pàgina d’instal·lació de SimpleSAMLphp"
	},
	"hold": {
		"no": "P\u00e5 vent",
		"nn": "Venter",
		"sv": "Vilande",
		"es": "En espera",
		"fr": "En cours",
		"nl": "Vastgehouden",
		"sl": "V teku",
		"da": "I k\u00f8",
		"hr": "Na \u010dekanju",
		"hu": "Felf\u00fcggesztve",
		"pt": "Em espera",
		"pl": "W zawieszeniu",
		"cs": "\u010cek\u00e1m",
		"tr": "Beklemede",
		"de": "In der Wartschleife",
		"fi": "Odota",
		"lt": "Pra\u0161ome palaukti",
		"it": "In attesa",
		"ja": "\u4fdd\u7559",
		"zh-tw": "\u4fdd\u7559",
		"et": "Ootel",
		"he": "\u05d1\u05d4\u05e9\u05e2\u05d9\u05d9\u05d4",
		"pt-br": "Aguardando",
		"zh": "\u4fdd\u6301",
		"ar": "\u0628\u0627\u0644\u0627\u0646\u062a\u0638\u0627\u0631 ",
		"lv": "Aptur\u0113ts",
		"id": "Ditahan",
		"sr": "Na \u010dekanju",
		"ro": "\u00cen a\u0219teptare",
		"ru": "\u0412 \u0441\u043e\u0441\u0442\u043e\u044f\u043d\u0438\u0438 \u043e\u0436\u0438\u0434\u0430\u043d\u0438\u044f",
		"eu": "Itxaroten",
		"af": "Hou die verbinding",
		"el": "\u03a3\u03b5 \u03b1\u03bd\u03b1\u03bc\u03bf\u03bd\u03ae",
		"xh": "Ibanjiwe",
		"zu": "Imisiwe",
		"st": "Tshwarisitswe",
		"ca": "En espera"
	},
	"completed": {
		"no": "Fullf\u00f8rt",
		"nn": "Ferdig",
		"sv": "Klar",
		"es": "Terminado",
		"fr": "Fait",
		"de": "abgeschlossen",
		"nl": "Voltooid",
		"sl": "Dokon\u010dano",
		"da": "F\u00e6rdig",
		"hr": "Zavr\u0161eno",
		"hu": "Befejezve",
		"fi": "Valmis",
		"pt": "Completa",
		"pl": "Zako\u0144czono",
		"cs": "Dokon\u010deno",
		"tr": "Tamamland\u0131",
		"lt": "Atlikta",
		"it": "Completato",
		"ja": "\u5b8c\u4e86\u3057\u307e\u3057\u305f",
		"zh-tw": "\u5b8c\u6210",
		"et": "L\u00f5petatud",
		"he": "\u05d4\u05e1\u05ea\u05d9\u05d9\u05dd",
		"pt-br": "Completado",
		"zh": "\u5b8c\u6210",
		"ar": "\u0627\u0643\u062a\u0645\u0644",
		"lv": "Pabeigts",
		"id": "Selesai",
		"sr": "Zavr\u0161eno",
		"ro": "Terminat",
		"ru": "\u0412\u044b\u043f\u043e\u043b\u043d\u0435\u043d\u043e",
		"eu": "Amaitua",
		"af": "Voltooid",
		"el": "\u039f\u03bb\u03bf\u03ba\u03bb\u03b7\u03c1\u03ce\u03b8\u03b7\u03ba\u03b5",
		"xh": "Igqityiwe",
		"zu": "Kuqedile",
		"st": "E phethilwe",
		"ca": "Completat"
	},
	"progress": {
		"no": "Logger ut...",
		"nn": "Loggar ut...",
		"sv": "Loggar ut...",
		"es": "Cerrando la sesi\u00f3n...",
		"fr": "D\u00e9connexion...",
		"de": "Abmeldung l\u00e4uft...",
		"nl": "Uitloggen...",
		"sl": "Odjavljanje...",
		"da": "Logger ud...",
		"hr": "Odjava u tijeku...",
		"hu": "Kijelentkez\u00e9s...",
		"fi": "Kirjautuu ulos...",
		"pt": "A sair...",
		"pl": "Wylogowywanie...",
		"cs": "Odhla\u0161uji...",
		"eu": "Saioa ixten...",
		"tr": "\u00c7\u0131k\u0131yor",
		"lt": "Atjungiama...",
		"it": "Disconnessione...",
		"ja": "\u30ed\u30b0\u30a2\u30a6\u30c8\u4e2d\u2026",
		"zh-tw": "\u767b\u51fa\u4e2d...",
		"et": "V\u00e4lja logimine...",
		"he": "\u05de\u05ea\u05e0\u05ea\u05e7 \u05de\u05d4\u05de\u05e2\u05e8\u05db\u05ea...",
		"pt-br": "Saindo do servi\u00e7o...",
		"zh": "\u6b63\u5728\u9000\u51fa",
		"ar": "\u062a\u0633\u062c\u064a\u0644 \u0627\u0644\u062e\u0631\u0648\u062c",
		"lv": "Atsl\u0113g\u0161an\u0101s...",
		"id": "Log out...",
		"sr": "Odjava u toku...",
		"ro": "Deautentificare ...",
		"ru": "\u0412\u044b\u0445\u043e\u0434 \u0438\u0437 \u0441\u0438\u0441\u0442\u0435\u043c\u044b...",
		"af": "Besig om af te meld?",
		"el": "\u0393\u03af\u03bd\u03b5\u03c4\u03b1\u03b9 \u03b1\u03c0\u03bf\u03c3\u03cd\u03bd\u03b4\u03b5\u03c3\u03b7...",
		"zu": "Iyaphuma...",
		"xh": "Iyaphuma...",
		"st": "E a tswa...",
		"ca": "Tancant la sessió..."
	},
	"failed": {
		"no": "Utlogging feilet",
		"nn": "Utlogging feila",
		"sv": "Utloggning misslyckades",
		"es": "El cierre de sesi\u00f3n ha fallado",
		"fr": "\u00c9chec de la d\u00e9connexion",
		"de": "Abmeldung fehlgeschlagen",
		"nl": "Uitloggen mislukt",
		"sl": "Odjava je spodletela.",
		"da": "Logout fejlede",
		"hr": "Odjava nije uspjela",
		"hu": "Kijelentkez\u00e9s nem siker\u00fclt",
		"fi": "Uloskirjautuminen ep\u00e4onnistunut",
		"pt": "Sa\u00edda falhada",
		"pl": "Wyst\u0105pi\u0142 b\u0142ad podczas wylogowania",
		"cs": "Odhla\u0161en\u00ed selhalo",
		"tr": "\u00c7\u0131k\u0131\u015f ba\u015far\u0131lamad\u0131",
		"lt": "Atsijungimas nepavyko",
		"it": "Disconnessione fallita",
		"ja": "\u30ed\u30b0\u30a2\u30a6\u30c8\u306b\u5931\u6557\u3057\u307e\u3057\u305f",
		"zh-tw": "\u767b\u51fa\u5931\u6557",
		"et": "V\u00e4lja logimine eba\u00f5nnestus",
		"he": "\u05d4\u05ea\u05e0\u05ea\u05e7\u05d5\u05ea \u05e0\u05db\u05e9\u05dc\u05d4",
		"pt-br": "Falha ao sair do servi\u00e7o",
		"zh": "\u9000\u51fa\u5931\u8d25",
		"ar": "\u062a\u0633\u062c\u064a\u0644 \u062e\u0631\u0648\u062c \u0641\u0627\u0634\u0644",
		"lv": "Atsl\u0113g\u0161an\u0101s neizdev\u0101s",
		"id": "Log out gagal",
		"sr": "Odjava nije uspela",
		"ro": "Deautentificarea a e\u0219uat",
		"ru": "\u0412\u044b\u0445\u043e\u0434 \u0437\u0430\u0432\u0435\u0440\u0448\u0435\u043d \u043d\u0435\u0443\u0434\u0430\u0447\u043d\u043e",
		"eu": "Saioa ixteko prozesuak huts egin du",
		"af": "Afmelding misluk",
		"el": "\u0397 \u03b1\u03c0\u03bf\u03c3\u03cd\u03bd\u03b4\u03b5\u03c3\u03b7 \u03b1\u03c0\u03ad\u03c4\u03c5\u03c7\u03b5",
		"xh": "Ukuphuma kusilele",
		"zu": "Ukuphuma kuhlulekile",
		"st": "Ho tswa ho hlolehile",
		"ca": "Ha fallat el tancament de sessió"
	},
	"return": {
		"no": "Tilbake til tjenesten",
		"nn": "G\u00e5 tilbake til tenesta",
		"sv": "\u00c5ter till tj\u00e4nsten",
		"es": "Volver al servicio",
		"fr": "Retour au service",
		"de": "Zum Dienst zur\u00fcckkehren",
		"nl": "Terug naar service",
		"sl": "Vrni se nazaj na storitev.",
		"da": "Tilbage til service",
		"hr": "Povratak u aplikaciju",
		"hu": "Vissza a szolg\u00e1ltat\u00e1shoz",
		"fi": "Palaa palveluun",
		"pt": "Regressar ao servi\u00e7o",
		"pl": "Powr\u00f3t do serwisu",
		"cs": "Zp\u00e1tky na slu\u017ebu",
		"eu": "Itzuli zerbitzura",
		"tr": "Servise geri d\u00f6n",
		"lt": "Gr\u012f\u017eti \u012f paslaug\u0105",
		"it": "Ritornare al servizio",
		"ja": "\u30b5\u30fc\u30d3\u30b9\u3078\u623b\u308b",
		"zh-tw": "\u56de\u5230\u670d\u52d9",
		"et": "Tagasi teenuse juurde",
		"he": "\u05d7\u05d6\u05e8\u05d4 \u05dc\u05e9\u05e8\u05d5\u05ea",
		"pt-br": "Retornar ao servi\u00e7o",
		"zh": "\u8fd4\u56de\u81f3\u670d\u52a1",
		"ar": "\u0639\u062f \u0644\u0644\u062e\u062f\u0645\u0629",
		"lv": "Atgriezties pie servisa",
		"id": "Kembali ke layanan",
		"sr": "Povratak u aplikaciju",
		"ro": "\u00centoarcere la serviciu",
		"ru": "\u0412\u0435\u0440\u043d\u0443\u0442\u044c\u0441\u044f \u043a \u0441\u043b\u0443\u0436\u0431\u0435",
		"af": "Terug na diens",
		"el": "\u0395\u03c0\u03b9\u03c3\u03c4\u03c1\u03bf\u03c6\u03ae \u03c3\u03c4\u03b7\u03bd \u03c5\u03c0\u03b7\u03c1\u03b5\u03c3\u03af\u03b1",
		"xh": "Buyela kwinkonzo",
		"zu": "Buyela kusevisi",
		"st": "E kgutlela tshebeletsong",
		"ca": "Tornar al servei"
	},
	"success": {
		"no": "Du har n&aring; logget ut fra alle tjenestene listet ovenfor.",
		"nn": "Du er ferdig utlogga fr\u00e5 alle tenestene",
		"sv": "Du har loggat ut fr\u00e5n alla nedanst\u00e5ende tj\u00e4nster.",
		"es": "Ha cerrado las sesiones de todos los servicios listados m\u00e1s arriba",
		"fr": "Vous avez \u00e9t\u00e9 d\u00e9connect\u00e9 avec succ\u00e8s des services list\u00e9s ci dessus",
		"de": "Sie haben sich erfolgreich von allen obenstehenden Diensten abgemeldet.",
		"nl": "Je bent succesvol uitgelogd van de bovenvermelde services.",
		"sl": "Uspe\u0161no ste se odjavili z vseh na\u0161tetih storitev.",
		"da": "Du har logget ud fra alle overn\u00e6vnte services. ",
		"hr": "Uspje\u0161no ste se odjavili iz svih gore navedenih servisa.",
		"hu": "Sikeresen kijelentkezett az fent felsorolt \u00f6sszes alkalmaz\u00e1sb\u00f3l.",
		"fi": "Olet onnistuneesti kirjautunut ulos kaikista yll\u00e4 listatuista palveluista.",
		"pt": "Saiu com sucesso de todos os servi\u00e7os listados em cima.",
		"pl": "Zosta\u0142e\u015b pomy\u015blnie wylogowany ze wszystkich powy\u017cszych serwis\u00f3w.",
		"cs": "\u00dasp\u011b\u0161n\u011b jste se odhl\u00e1sili z n\u00e1sleduj\u00edc\u00edch slu\u017eeb.",
		"tr": "Yukar\u0131da listelenen t\u00fcm servislerden ba\u015far\u0131yla \u00e7\u0131kt\u0131n\u0131z.",
		"lt": "J\u016bs s\u0117kmingai buvote atjungtas nuo vis\u0173 \u017eemiau i\u0161vardint\u0173 paslaug\u0173.",
		"it": "Sei stato disconnesso da tutti i servizi sopra elencati.",
		"ja": "\u4e0a\u8a18\u306e\u5168\u3066\u306e\u30b5\u30fc\u30d3\u30b9\u304b\u3089\u30ed\u30b0\u30a2\u30a6\u30c8\u3057\u307e\u3057\u305f\u3002",
		"zh-tw": "\u60a8\u5df2\u7d93\u6210\u529f\u767b\u51fa\u4e86\u5217\u8868\u4e2d\u6240\u6709\u670d\u52d9\u3002",
		"et": "Sa oled k\u00f5igist \u00fclal loetletud teenustest edukalt v\u00e4lja logitud.",
		"he": "\u05d4\u05ea\u05e0\u05ea\u05e7\u05ea \u05d1\u05d4\u05e6\u05dc\u05d7\u05d4 \u05de\u05db\u05dc \u05d4\u05e9\u05e8\u05d5\u05ea\u05d9\u05dd \u05d4\u05db\u05ea\u05d5\u05d1\u05d9\u05dd \u05dc\u05de\u05e2\u05dc\u05d4",
		"pt-br": "Voc\u00ea saiu com sucesso de todos os servi\u00e7os listados acima.",
		"zh": "\u4f60\u6210\u529f\u7684\u9000\u51fa\u4e86\u4e0a\u9762\u5217\u8868\u4e2d\u7684\u670d\u52a1",
		"ar": "\u062a\u0633\u062c\u064a\u0644 \u062e\u0631\u0648\u062c \u0646\u0627\u062c\u062d \u0645\u0646 \u062c\u0645\u064a\u0639 \u0627\u0644\u062e\u062f\u0645\u0627\u062a \u0623\u0639\u0644\u0627\u0647 ",
		"lv": "J\u016bs esat sekm\u012bgi atsl\u0113dzies un augst\u0101k uzskait\u012btajiem servisiem.",
		"id": "Anda telah berhasil log out dari semua layanan yang tercantuh diatas.",
		"sr": "Uspe\u0161no ste se odjavili iz svih gore navedenih servisa.",
		"ro": "A\u021bi fost deautentificat de la toate serviciile enumerate mai sus.",
		"ru": "\u0412\u044b \u0443\u0441\u043f\u0435\u0448\u043d\u043e \u0432\u044b\u0448\u043b\u0438 \u0438\u0437 \u0432\u0441\u0435\u0445 \u0441\u043b\u0443\u0436\u0431 \u043f\u0435\u0440\u0435\u0447\u0438\u0441\u043b\u0435\u043d\u043d\u044b\u0445 \u0432\u044b\u0448\u0435.",
		"eu": "Hemen adierazten den zerrendako zerbitzu guztietako saioak zuzen itxi dira",
		"af": "Jy het suksesvol afgemeld.",
		"el": "\u0388\u03c7\u03b5\u03c4\u03b5 \u03b1\u03c0\u03bf\u03c3\u03c5\u03bd\u03b4\u03b5\u03b8\u03b5\u03af \u03bc\u03b5 \u03b5\u03c0\u03b9\u03c4\u03c5\u03c7\u03af\u03b1 \u03b1\u03c0\u03cc \u03cc\u03bb\u03b5\u03c2 \u03c4\u03b9\u03c2 \u03c5\u03c0\u03b7\u03c1\u03b5\u03c3\u03af\u03b5\u03c2 \u03c0\u03bf\u03c5 \u03b1\u03bd\u03b1\u03c6\u03ad\u03c1\u03bf\u03bd\u03c4\u03b1\u03b9 \u03c0\u03b1\u03c1\u03b1\u03c0\u03ac\u03bd\u03c9.",
		"xh": "Uphume ngokuyimpumelelo kuzo zonke iinkonzo ezidweliswe ngasentla.",
		"zu": "Uphume ngempumelelo kuwo wonke amasevisi abhalwe ngenhla.",
		"st": "O tswile ka katleho ditshebeletsong tsohle tse thathamisitsweng ka hodimo mona.",
		"ca": "Heu sortit correctament de tots els serveis esmentats anteriorment."
	},
	"loggedoutfrom": {
		"no": "Du er n\u00e5 logget ut fra %SP%.",
		"nn": "Du er ferdig utlogga fr\u00e5 %SP%.",
		"sv": "Du har nu loggat ut fr\u00e5n %SP%.",
		"es": "Ha cerrado correctamente la sesión en %SP%.",
		"fr": "Vous avez \u00e9t\u00e9 d\u00e9connect\u00e9 de %SP%.",
		"de": "Sie wurden nun erfolgreich von %SP% abgemeldet",
		"nl": "Je bent nu succesvol uitgelogd van %SP%.",
		"sl": "Uspe\u0161no ste se odjavili s ponudnika storitev: %SP%",
		"da": "Du er nu logget ud fra %SP%.",
		"hu": "Sikeresen kil\u00e9pett a(z) %SP% szolg\u00e1ltat\u00e1sb\u00f3l",
		"fi": "Olet kirjautunut ulos palvelusta %SP%.",
		"pt": "Saiu com sucesso de %SP%.",
		"pl": "Zosta\u0142e\u015b pomy\u015blnie wylogowany z %SP%.",
		"cs": "Zah\u00e1jil jste <strong>glob\u00e1ln\u00ed odhl\u00e1\u0161en\u00ed<\/strong> z slu\u017eby <strong>%REQUESTERNAME%<\/strong>. Glob\u00e1ln\u00ed odhl\u00e1\u0161en\u00ed znamen\u00e1, \u017ee budete odhl\u00e1\u0161en z v\u0161ech n\u00e1sleduj\u00edc\u00ed slu\u017eeb.",
		"tr": "%SP%'den ba\u015far\u0131yla \u00e7\u0131kt\u0131n\u0131z.",
		"it": "Adesso sei correttamente disconnesso da %SP%",
		"hr": "Uspje\u0161no ste odjavljeni iz %SP%.",
		"lt": "J\u016bs s\u0117kmingai buvote atjungtas i\u0161 %SP%.",
		"ja": "\u3042\u306a\u305f\u306f %SP% \u304b\u3089\u306e\u30ed\u30b0\u30a2\u30a6\u30c8\u306b\u6210\u529f\u3057\u307e\u3057\u305f\u3002",
		"zh-tw": "\u60a8\u5df2\u6210\u529f\u5f9e %SP% \u767b\u51fa\u3002",
		"et": "Sa oled n\u00fc\u00fcd edukalt v\u00e4lja logitud teenusest %SP%.",
		"he": "%SP%-\u05e0\u05d5\u05ea\u05e7\u05ea \u05d1\u05d4\u05e6\u05dc\u05d7\u05d4 \u05de",
		"pt-br": "Voc\u00ea est\u00e1 saiu com sucesso de %SP%.",
		"zh": "\u4f60\u5df2\u6210\u529f\u4ece%SP%\u9000\u51fa",
		"ar": "\u0644\u0642\u062f \u062e\u0631\u062c\u062a \u0628\u0646\u062c\u0627\u062d \u0645\u0646 %SP%",
		"lv": "J\u016bs esat sekm\u012bgi atsl\u0113dzies no %SP%.",
		"id": "Sekarang anda telah sukses log out dari %SP%.",
		"sr": "Uspe\u0161no ste odjavljeni iz %SP%.",
		"ro": "A\u021bi fost deautentificat din %SP%.",
		"ru": "\u0412\u044b \u0443\u0441\u043f\u0435\u0448\u043d\u043e \u0432\u044b\u0448\u043b\u0438 \u0438\u0437 \u0441\u043b\u0443\u0436\u0431\u044b %SP%.",
		"eu": "%SP% saioa zuzen itxi da.",
		"af": "Jy is suksesvol afgemeld van %SP% af.",
		"el": "\u0388\u03c7\u03b5\u03c4\u03b5 \u03b1\u03c0\u03bf\u03c3\u03c5\u03bd\u03b4\u03b5\u03b8\u03b5\u03af \u03bc\u03b5 \u03b5\u03c0\u03b9\u03c4\u03c5\u03c7\u03af\u03b1 \u03b1\u03c0\u03cc \u03c4\u03b7\u03bd \u03c5\u03c0\u03b7\u03c1\u03b5\u03c3\u03af\u03b1 %SP%.",
		"xh": "Ngoku uphume ngokuyimpumelelo kwi-%SP%.",
		"zu": "Usuphume ngempumelelo kokuthi %SP%.",
		"st": "Jwale o ntshitswe ka katleho ho %SP%.",
		"ca": "S’ha tancat la sessió amb èxit de %SP%."
	},
	"also_from": {
		"no": "Du er ogs\u00e5 logget inn p\u00e5 disse tjenestene:",
		"nn": "Du er i tillegg logga inn p\u00e5 desse tenestene:",
		"sv": "Du \u00e4r \u00e4ven inloggad i f\u00f6ljande tj\u00e4nster:",
		"es": "Tambi\u00e9n est\u00e1 autenticado en los siguientes servicios:",
		"fr": "Vous \u00eates actuellement connect\u00e9 aux services suivants:",
		"de": "Sie sind auch auf diesen Diensten angemeldet:",
		"nl": "Je bent ook ingelogd bij deze diensten:",
		"sl": "Prijavljeni ste v naslednje storitve:",
		"da": "Du er ogs\u00e5 logget ud fra disse services:",
		"hu": "Ezen alkalmaz\u00e1sokban van m\u00e9g bejelentkezve:",
		"fi": "Olet kirjautunut seuraaviin palveluihin:",
		"pt": "Est\u00e1 tamb\u00e9m autenticado nos seguintes servi\u00e7os:",
		"pl": "Jeste\u015b tak\u017ce zalogowany w nastepuj\u0105cych serwisach:",
		"cs": "Jste je\u0161te p\u0159ihl\u00e1\u0161en na tyto slu\u017eby:",
		"tr": "Ayr\u0131ca \u015fu servislere giri\u015f yapt\u0131n\u0131z:",
		"it": "Attualmente sei anche connesso ai seguenti servizi:",
		"hr": "Tako\u0111er ste prijavljeni u sljede\u0107im servisima:",
		"lt": "J\u016bs taip pat esate prisijung\u0119s prie:",
		"ja": "\u3042\u306a\u305f\u306f\u307e\u3060\u3053\u308c\u3089\u306e\u30b5\u30fc\u30d3\u30b9\u306b\u30ed\u30b0\u30a4\u30f3\u3057\u3066\u3044\u307e\u3059:",
		"zh-tw": "\u60a8\u540c\u6642\u4e5f\u767b\u5165\u4e86\u9019\u4e9b\u670d\u52d9\uff1a",
		"et": "Sa oled sisse logitud ja nendesse teenustesse:",
		"he": "\u05d0\u05ea\u05d4 \u05de\u05d7\u05d5\u05d1\u05e8 \u05d2\u05dd \u05dc\u05e9\u05e8\u05d5\u05ea\u05d9\u05dd \u05d4\u05d1\u05d0\u05d9\u05dd:",
		"pt-br": "Voc\u00ea tamb\u00e9m est\u00e1 logado nestes servi\u00e7os:",
		"zh": "\u4f60\u540c\u65f6\u767b\u5f55\u8fd9\u4ee5\u4e0b\u8fd9\u4e9b\u670d\u52a1",
		"ar": "\u0644\u0642\u062f \u0642\u0645\u062a \u0628\u062a\u0633\u062c\u064a\u0644 \u0627\u0644\u062f\u062e\u0648\u0644 \u0644\u0644\u062e\u062f\u0645\u0627\u062a ",
		"lv": "J\u016bs esat piesl\u0113dzies ar\u012b pie \u0161iem servisiem:",
		"id": "Anda juga telah log out dari layanan berikut: ",
		"sr": "Tako\u0111e ste prijavljeni u slede\u0107im servisima:",
		"ro": "Sunte\u021bi autentificat \u0219i la urm\u0103toarele servicii:",
		"ru": "\u0412\u044b \u0442\u0430\u043a\u0436\u0435 \u043f\u043e\u0434\u043a\u043b\u044e\u0447\u0435\u043d\u044b \u043a \u0441\u043b\u0435\u0434\u0443\u044e\u0449\u0438\u043c \u0441\u043b\u0443\u0436\u0431\u0430\u043c:",
		"eu": "Zerbitzu hauetan ere kautotuta zaude:",
		"af": "Jy is ook by di\u00e9 dienste aangemeld:",
		"el": "\u0395\u03af\u03c3\u03c4\u03b5 \u03b5\u03c0\u03af\u03c3\u03b7\u03c2 \u03c3\u03c5\u03bd\u03b4\u03b5\u03b4\u03b5\u03bc\u03ad\u03bd\u03bf\u03c2 \u03c3\u03b5 \u03b1\u03c5\u03c4\u03ad\u03c2 \u03c4\u03b9\u03c2 \u03c5\u03c0\u03b7\u03c1\u03b5\u03c3\u03af\u03b5\u03c2:",
		"zu": "Ungenile futhi kulawa masevisi:",
		"xh": "Kananjalo ungene kwezi nkonzo:",
		"st": "Hape o kene ditshebeletsong tsena:",
		"ca": "També heu iniciat la sessió en aquests serveis:"
	},
	"logout_all_question": {
		"no": "Vil du logge ut fra alle tjenestene ovenfor?",
		"nn": "Vil du logga ut fr\u00e5 alle tenestene?",
		"sv": "Vill du logga ut fr\u00e5n alla ovanst\u00e5ende tj\u00e4nster?",
		"es": "\u00bfDesea cerrar las sesiones de todos los servicios que se muestran m\u00e1s arriba?",
		"fr": "Voulez vous r\u00e9ellement terminer les connexions \u00e0 tout ces services?",
		"de": "Wollen Sie sich von allen obenstehenden Diensten abmelden?",
		"nl": "Wil je uitloggen van alle bovenvermelde diensten?",
		"sl": "Ali se \u017eelite odjaviti z vseh na\u0161tetih storitev?",
		"da": "Vil du logge ud fra alle ovenst\u00e5ende services?",
		"hu": "Ki akar jelentkezni az \u00f6sszes fenti alkalmaz\u00e1sb\u00f3l?",
		"pt": "Deseja sair de todos os servi\u00e7os listados em cima?",
		"pl": "Czy chcesz zosta\u0107 wylogowany z powy\u017cszych serwis\u00f3w?",
		"cs": "Chcete se odhl\u00e1sit ze v\u0161ech t\u011bchto slu\u017eeb?",
		"eu": "Goian agertzen diren zerbitzu guztietako saioak itxi nahi al dituzu?",
		"tr": "Yukar\u0131daki t\u00fcm servislerden \u00e7\u0131kmak istiyor musunuz?",
		"it": "Vuoi disconnetterti da tutti i servizi qui sopra riportati?",
		"fi": "Haluatko uloskirjautua edell\u00e4mainituista palveluista?",
		"hr": "\u017delite li se odjaviti iz svih gore navedenih servisa?",
		"lt": "Ar norite atsijungti nuo vis\u0173 \u017eemiau i\u0161vardint\u0173 paslaug\u0173?",
		"ja": "\u4e0a\u8a18\u306e\u5168\u3066\u306e\u30b5\u30fc\u30d3\u30b9\u304b\u3089\u30ed\u30b0\u30a2\u30a6\u30c8\u3057\u307e\u3059\u304b?",
		"zh-tw": "\u662f\u5426\u767b\u51fa\u4e0a\u8ff0\u6240\u6709\u670d\u52d9\uff1f",
		"et": "Kas sa soovid k\u00f5igist \u00fclal loetletud teenustest v\u00e4lja logida?",
		"he": "\u05d4\u05d0\u05dd \u05d0\u05ea\u05d4 \u05e8\u05d5\u05e6\u05d4 \u05dc\u05d4\u05ea\u05e0\u05ea\u05e7 \u05de\u05db\u05dc \u05d4\u05e9\u05e8\u05d5\u05ea\u05d9\u05dd \u05d4\u05de\u05d5\u05d6\u05db\u05e8\u05d9\u05dd \u05dc\u05de\u05e2\u05dc\u05d4?",
		"pt-br": "Voc\u00ea quer sair de todos os servi\u00e7os acima?",
		"zh": "\u4f60\u60f3\u540c\u65f6\u4ece\u4e0a\u9762\u7684\u8fd9\u4e9b\u670d\u52a1\u4e2d\u9000\u51fa\u5417\uff1f",
		"ar": "\u0647\u0644 \u062a\u0631\u063a\u0628 \u0628\u062a\u0633\u062c\u064a\u0644 \u0627\u0644\u062e\u0631\u0648\u062c \u0645\u0646 \u062c\u0645\u064a\u0639 \u0627\u0644\u062e\u062f\u0645\u0627\u062a \u0623\u0639\u0644\u0627\u061f",
		"lv": "Vai v\u0113laties atsl\u0113gties no visiem uzskait\u012btajiem servisiem?",
		"id": "Apakah anda ingin logout dari semua layanan diatas ?",
		"sr": "\u017delite li se odjaviti iz svih gore navedenih servisa?",
		"ro": "Dori\u021bi s\u0103 v\u0103 deautentifica\u021bi de la toate serviciile de mai sus ?",
		"ru": "\u0412\u044b \u0445\u043e\u0442\u0438\u0442\u0435 \u0432\u044b\u0439\u0442\u0438 \u0438\u0437 \u0432\u0441\u0435\u0445 \u0441\u043b\u0443\u0436\u0431, \u043f\u0435\u0440\u0435\u0447\u0438\u0441\u043b\u0435\u043d\u043d\u044b\u0445 \u0432\u044b\u0448\u0435?",
		"af": "Wil jy van alle bogenoemde dienste afmeld?",
		"el": "\u0395\u03c0\u03b9\u03b8\u03c5\u03bc\u03b5\u03af\u03c4\u03b5 \u03bd\u03b1 \u03b1\u03c0\u03bf\u03c3\u03c5\u03bd\u03b4\u03b5\u03b8\u03b5\u03af\u03c4\u03b5 \u03b1\u03c0\u03cc \u03cc\u03bb\u03b5\u03c2 \u03c4\u03b9\u03c2 \u03c0\u03b1\u03c1\u03b1\u03c0\u03ac\u03bd\u03c9 \u03c5\u03c0\u03b7\u03c1\u03b5\u03c3\u03af\u03b5\u03c2\u003b",
		"xh": "Ngaba ufuna ukuphuma kuzo zonke iinkonzo ezingasentla?",
		"zu": "Ingabe ufuna ukuphuma kuwo wonke amasevisi angenhla?",
		"st": "Na o batla ho tswa ditshebeletsong tsohle tse ka hodimo moo?",
		"ca": "Voleu sortir de tots els serveis següents?"
	},
	"logout_all": {
		"no": "Ja, alle tjenestene over",
		"nn": "Ja, logg ut fr\u00e5 alle",
		"sv": "Ja, alla tj\u00e4nster",
		"es": "S\u00ed, de todos los servicios",
		"fr": "Oui, de tous les services",
		"de": "Ja, alle Dienste",
		"nl": "Ja, alle diensten",
		"sl": "Da, odjavi me z vseh storitev",
		"da": "Ja, alle services",
		"hu": "Igen, minden alkalmaz\u00e1sb\u00f3l",
		"fi": "Kyll\u00e4, kaikista palveluista",
		"pt": "Sim, todos os servi\u00e7os",
		"pl": "Tak, wszystkie serwisy",
		"cs": "Ano, v\u0161echny slu\u017eby",
		"eu": "Bai, zerbitzu guztiak",
		"tr": "Evet, t\u00fcm servisler.",
		"it": "Si, da tutti i servizi",
		"hr": "Da, iz svih servisa",
		"lt": "Taip, vis\u0173 paslaug\u0173",
		"ja": "\u306f\u3044\u3001\u5168\u3066\u306e\u30b5\u30fc\u30d3\u30b9\u304b\u3089\u30ed\u30b0\u30a2\u30a6\u30c8\u3057\u307e\u3059",
		"zh-tw": "\u662f\uff0c\u767b\u51fa\u6240\u6709\u670d\u52d9",
		"et": "Jah, k\u00f5igist teenustest",
		"he": "\u05db\u05df, \u05db\u05dc \u05d4\u05e9\u05e8\u05d5\u05ea\u05d9\u05dd",
		"pt-br": "Sim, todos os servi\u00e7os",
		"zh": "\u662f\u7684\uff0c\u6240\u6709\u7684\u670d\u52a1",
		"ar": "\u0646\u0639\u0645 \u0645\u0646 \u062c\u0645\u064a\u0639 \u0627\u0644\u062e\u062f\u0645\u0627\u062a",
		"lv": "J\u0101, no visiem",
		"id": "Ya, semua layanan",
		"sr": "Da, iz svih servisa",
		"ro": "Da, toate serviciile",
		"ru": "\u0414\u0430, \u0434\u043b\u044f \u0432\u0441\u0435\u0445 \u0441\u043b\u0443\u0436\u0431",
		"af": "Ja, alle dienste",
		"el": "\u039d\u03b1\u03b9, \u03cc\u03bb\u03b5\u03c2 \u03c4\u03b9\u03c2 \u03c5\u03c0\u03b7\u03c1\u03b5\u03c3\u03af\u03b5\u03c2",
		"zu": "Yebo, wonke amasevisi",
		"xh": "Ewe, zonke iinkonzo",
		"st": "E, ditshebeletso tsohle",
		"ca": "Sí, tots els serveis"
	},
	"logout_only": {
		"no": "Nei, bare %SP%",
		"nn": "Nei, logg berre ut fr\u00e5 %SP%",
		"sv": "Nej, endast %SP%",
		"es": "No, s\u00f3lo de %SP%",
		"fr": "Non, seulement de %SP%",
		"de": "Nein, nur %SP%",
		"nl": "Nee, alleen %SP%",
		"sl": "Ne, odjavi me samo z naslednjega %SP%",
		"da": "Nej, kun %SP%",
		"hu": "Nem, csak innen: %SP%",
		"fi": "Ei, vain %SP%",
		"pt": "N\u00e3o, apenas %SP%",
		"pl": "Nie, tylko %SP%",
		"cs": "Ne, jen %SP%",
		"eu": "Ez, %SPS bakarrik",
		"tr": "Hay\u0131r, sadece %SP%",
		"it": "No, solo da %SP%",
		"hr": "Ne, samo iz %SP%",
		"lt": "Ne, tik %SP%",
		"ja": "\u3044\u3044\u3048\u3001%SP% \u306e\u307f\u30ed\u30b0\u30a2\u30a6\u30c8\u3057\u307e\u3059",
		"zh-tw": "\u5426\uff0c\u53ea\u767b\u51fa %SP%",
		"et": "Ei, ainult %SP%",
		"he": "\u05dc\u05d0, \u05e8\u05e7 %SP%",
		"pt-br": "N\u00e3o, apenas de %SP%",
		"zh": "\u4e0d\uff0c\u4ec5%SP%",
		"ar": "\u0644\u0627 \u0645\u0646 %SP% \u0641\u0642\u0637",
		"lv": "N\u0113, tikai %SP%",
		"id": "Tidak, hanya %SP%",
		"sr": "Ne, samo iz %SP%",
		"ro": "Nu, doar %SP%",
		"ru": "\u041d\u0435\u0442, \u0442\u043e\u043b\u044c\u043a\u043e \u0434\u043b\u044f \u0441\u043b\u0443\u0436\u0431\u044b %SP%",
		"af": "Nee, net %SP%",
		"el": "\u038c\u03c7\u03b9, \u03bc\u03cc\u03bd\u03bf \u03b1\u03c0\u03cc \u03c4\u03b7\u03bd \u03c5\u03c0\u03b7\u03c1\u03b5\u03c3\u03af\u03b1 %SP%",
		"zu": "Cha, ku-%SP% kuphela",
		"xh": "Hayi, kuphela %SP%",
		"st": "Tjhe, %SP% feela",
		"ca": "No, només %SP%"
	},
	"incapablesps": {
		"no": "En eller flere av tjenestene du er logget inn p\u00e5 <i>st\u00f8tter ikke logout<\/i>. Lukk nettleseren, dersom du \u00f8nsker \u00e5 logge ut fra disse tjenestene.",
		"nn": "Ei eller fleire av tenestene du er innlogga p\u00e5 <i>st\u00f8tter ikkje utlogging<\/i>.  Lukk weblesaren din for \u00e5 sikra at alle sesjonar blir lukka",
		"sv": "En eller flera av tj\u00e4nsterna du \u00e4r inloggad i <i>kan inte hantera utloggning<\/i>. F\u00f6r att s\u00e4kerst\u00e4lla att du inte l\u00e4ngre \u00e4r inloggad i n\u00e5gon tj\u00e4nst ska du <i>st\u00e4nga din webbl\u00e4sare<\/i>.",
		"es": "Uno o m\u00e1s de los servicios en los que est\u00e1 autenticado <i>no permite desconexi\u00f3n<\/i>. Para asegurarse de que todas sus sesiones se cierran, se le recomienda que <i>cierre su navegador<\/i>.",
		"fr": "Un ou plusieurs des services auxquels vous \u00eates connect\u00e9 <i>ne g\u00e8rent pas la d\u00e9connexion<\/i>. Pour terminer les sessions sur ces services, vous devrez <i>fermer votre navigateur<\/i>.",
		"de": "Einer oder mehrere Dienste an denen Sie angemeldet sind, <i>unterst\u00fctzen keine Abmeldung<\/i>. Um sicherzustellen, dass Sie abgemeldet sind, <i>schlie\u00dfen Sie bitte Ihren Webbrowser<\/i>.",
		"nl": "Een of meer diensten waarop je bent inlogd hebben <i>geen ondersteuning voor uitloggen<\/i>. Om er zeker van te zijn dat al je sessies zijn be\u00ebindigd, kun je het beste <i>je webbrowser afsluiten<\/i>.",
		"sl": "Ena ali ve\u010d storitev, v katere ste prijavljeni, <i>ne omogo\u010da odjave<\/i>. Odjavo iz teh storitev izvedete tako, da <i>zaprete spletni brskalnik<\/i>.",
		"da": "En eller flere services som du er logget ind hos <i>underst\u00f8tter ikke log ou<\/i>. For at sikre at alle dine forbindelser er lukket, bedes du <i>lukke din browser<\/i>.",
		"hu": "Egy vagy t\u00f6bb alkalmaz\u00e1s <i>nem t\u00e1mogatja a kijelenkez\u00e9st<\/i>. Hogy biztos\u00edtani lehessen, hogy nem maradt bejelentkezve, k\u00e9rj\u00fck, <i>l\u00e9pjen ki a b\u00f6ng\u00e9sz\u0151b\u0151l!<\/i>",
		"pt": "Um ou mais dos servi\u00e7os onde se encontra autenticado <i>n\u00e3o suporta(m) a sa\u00edda<\/i>. Para garantir que todas as sess\u00f5es s\u00e3o encerradas, dever\u00e1 <i>encerrar o seu navegador Web<\/i>.",
		"pl": "Jeden lub wi\u0119cej serwis\u00f3w , w kt\u00f3rych jeste\u015b zalogowany <i>nie obs\u0142uguje procesu wylogowania<\/i>. W celu upewnienia si\u0119, \u017ce wszystkie sesje s\u0105 zako\u0144czone, zalecane jest aby\u015b <i>zamkn\u0105\u0142 przegl\u0105dark\u0119<\/i>",
		"cs": "Jedna, nebo v\u00edce slu\u017eeb, do kter\u00fdch jste p\u0159ihla\u0161en, nepodporuje odhla\u0161en\u00ed. Pokud se chcete odhl\u00e1sit, mus\u00edte ukon\u010dit v\u00e1\u0161 webov\u00fd prohl\u00ed\u017ee\u010d.",
		"tr": "Giri\u015f yapt\u0131\u011f\u0131n\u0131z bir yada daha fazla servis <i>\u00e7\u0131k\u0131\u015f\u0131 desteklemiyor<\/i>. T\u00fcm oturumlar\u0131n\u0131z\u0131n kapat\u0131ld\u0131\u011f\u0131ndan emin olmak i\u00e7in, <i>taray\u0131c\u0131n\u0131z\u0131 kapatman\u0131z<\/i> \u00f6nerilir.",
		"it": "Uno o pi&ugrave; servizi a cui sei connesso <i>non supportano la disconnessione<\/i>. Per assicurarsi di chiudere tutte le sessioni si consiglia di <i>chiudere il browser<\/i>",
		"fi": "Yksi tai useampi palvelu johon olet kirjautunut <i>ei tue uloskirjautumista<\/i>. Varmistaaksesi, ett\u00e4 kaikki istuntosi sulkeutuvat, olet velvollinen <i>sulkemaan web-selaimesi<\/i>.",
		"hr": "Jedan ili vi\u0161e servisa na koje ste prijavljeni <i>ne podr\u017eava odjavljivanje<\/i>. Da biste bili sigurni da su sve va\u0161e sjednice zavr\u0161ene, preporu\u010damo da <i>zatvorite web preglednik<\/i>.",
		"lt": "Viena ar daugiau paslaug\u0173, prie kuri\u0173 esate prisijung\u0119s <i>nepalaiko atsijungimo<\/i>. Siekiant u\u017etikrinti s\u0117kming\u0105 darbo pabaig\u0105, rekomenduojame <i>u\u017edaryti nar\u0161ykl\u0119<\/i>.",
		"ja": "<i>\u30ed\u30b0\u30a2\u30a6\u30c8\u3092\u30b5\u30dd\u30fc\u30c8\u3057\u3066\u3044\u306a\u3044<\/i>\u4e00\u3064\u4ee5\u4e0a\u306e\u30b5\u30fc\u30d3\u30b9\u306b\u30ed\u30b0\u30a4\u30f3\u4e2d\u3067\u3059\u3002\u78ba\u5b9f\u306b\u30bb\u30c3\u30b7\u30e7\u30f3\u3092\u7d42\u4e86\u3055\u305b\u308b\u306b\u306f\u3001<i>WEB\u30d6\u30e9\u30a6\u30b6\u3092\u9589\u3058\u308b<\/i>\u4e8b\u3092\u63a8\u5968\u3057\u307e\u3059\u3002",
		"zh-tw": "\u60a8\u767b\u5165\u7684\u670d\u52d9\u4e2d\u6709\u4e00\u500b\u6216\u4ee5\u4e0a<i>\u4e0d\u652f\u63f4\u767b\u51fa<\/i>\u3002\u70ba\u78ba\u4fdd\u60a8\u7684\u6240\u6709\u9023\u7dda\u7686\u5df2\u95dc\u9589\uff0c\u5efa\u8b70\u60a8<i>\u95dc\u9589\u700f\u89bd\u5668<\/i>\u3002",
		"et": "\u00dcks v\u00f5i mitu teenust, millesse oled sisselogitud <i>ei toeta v\u00e4lja logimise<\/i>. Selleks, et olla kindel k\u00f5igi sessioonide l\u00f5petamises soovitame <i>sulgeda k\u00f5ik brauseri aknad<\/i>.",
		"he": "\u05d0\u05d7\u05d3 \u05d0\u05d5 \u05d9\u05d5\u05ea\u05e8 \u05de\u05df \u05d4\u05e9\u05e8\u05d5\u05ea\u05d9\u05dd \u05e9\u05d0\u05ea\u05d4 \u05de\u05d7\u05d5\u05d1\u05e8 \u05d0\u05dc\u05d9\u05d4\u05dd <i>\u05dc\u05d0 \u05ea\u05d5\u05de\u05db\u05d9\u05dd \u05d1\u05d4\u05ea\u05e0\u05ea\u05e7\u05d5\u05ea<\/i> .\u05db\u05d3\u05d9 \u05dc\u05d5\u05d5\u05d3\u05d0 \u05e9\u05d4\u05ea\u05e0\u05ea\u05e7\u05ea \u05de\u05db\u05dc \u05d4\u05e9\u05d9\u05e8\u05d5\u05ea\u05d9\u05dd \u05de\u05de\u05d5\u05dc\u05e5 <i>\u05e9\u05ea\u05e1\u05d2\u05d5\u05e8 \u05d0\u05ea \u05d4\u05d3\u05e4\u05d3\u05e4\u05df<\/i>",
		"pt-br": "Um ou mais dos servi\u00e7os que voc\u00ea est\u00e1 conectado <i>n\u00e3o suportam logout.<\/i> Para garantir que todas as suas sess\u00f5es ser\u00e3o fechadas, incentivamos voc\u00ea a <i>fechar seu navegador<\/i>.",
		"zh": "\u4e00\u4e2a\u6216\u591a\u4e2a\u4f60\u5df2\u767b\u5f55\u7684\u670d\u52a1<i>\u4e0d\u652f\u6301\u9000\u51fa<\/i>\uff0c\u8bf7\u786e\u8ba4\u4f60\u6240\u6709sessions\u5df2\u5173\u95ed\uff0c\u6211\u4eec\u9f13\u52b1\u4f60 <i>\u5173\u95ed\u6d4f\u89c8\u5668<\/i>",
		"ar": "\u0648\u0627\u062d\u062f\u0629 \u0627\u0648 \u0627\u0643\u062b\u0631 \u0645\u0646 \u0627\u0644\u062e\u062f\u0645\u0627\u062a \u0627\u0644\u062a\u064a \u0642\u0645\u062a \u0628\u062a\u0633\u062c\u064a\u0644 \u062f\u062e\u0648\u0644\u0643 \u0628\u0647\u0627 \u0644\u0627 \u062a\u062f\u0639\u0645 \u062a\u0633\u062c\u064a\u0644 \u0627\u0644\u062e\u0631\u0648\u062c. \u0644\u0644\u062a\u0623\u0643\u062f \u0645\u0646 \u0627\u0646 \u062c\u0645\u064a\u0639 \u0635\u0641\u062d\u0627\u062a\u0643 \u0642\u062f \u062a\u0645 \u0625\u063a\u0644\u0627\u0642\u0647\u0627  \u0642\u0645 \u0628\u0625\u063a\u0644\u0627\u0642 \u0645\u062a\u0635\u0641\u062d\u0643",
		"lv": "Viens vai vair\u0101ki J\u016bsu izmantotie servisi <i>neatbalsta atsl\u0113g\u0161anos<\/i>. Lai aizv\u0113rtu visas sesijas, <i>aizveriet savu interneta p\u0101rl\u016bku<\/i>.",
		"id": "Satu atau beberapa layanan yang anda telah login  <i>tidak mendukung logout<\/i>.Untuk meyakinkan semua session anda ditutup, anda disarankan untuk <i>menutup web browser anda<\/i>.",
		"sr": "Jedan ili vi\u0161e servisa na koje ste prijavljeni <i>ne podr\u017eava odjavljivanje<\/i>. Da biste bili sigurni da su sve va\u0161e sesije zavr\u0161ene, preporu\u010dujemo da <i>zatvorite web pretra\u017eiva\u010d<\/i>.",
		"ro": "Unul sau mai multe servicii \u00een care sunte\u021bi autentificat <i>nu suport\u0103 deautentificare<\/i>. Pentru a fi sigur c\u0103 toate sesiunile sunt \u00eenchise, v\u0103 rug\u0103m s\u0103 \u00eenchide\u021bi <i>browser-ul<\/i>.",
		"ru": "\u041d\u0435\u043a\u043e\u0442\u043e\u0440\u044b\u0435 \u0441\u043b\u0443\u0436\u0431\u044b, \u043a \u043a\u043e\u0442\u043e\u0440\u044b\u043c \u0432\u044b \u043f\u043e\u0434\u043a\u043b\u044e\u0447\u0435\u043d\u044b, <i>\u043d\u0435 \u043f\u043e\u0434\u0434\u0435\u0436\u0438\u0432\u0430\u044e\u0442 \u0432\u044b\u0445\u043e\u0434 \u0438\u0437 \u0441\u0438\u0441\u0442\u0435\u043c\u044b<\/i>. \u0414\u043b\u044f \u043e\u0431\u0435\u0441\u043f\u0435\u0447\u0435\u043d\u0438\u044f \u0437\u0430\u043a\u0440\u044b\u0442\u0438\u044f \u0432\u0441\u0435\u0445 \u0441\u0435\u0441\u0441\u0438\u0439, <i>\u0437\u0430\u043a\u0440\u043e\u0439\u0442\u0435 \u0432\u0430\u0448 \u0431\u0440\u0430\u0443\u0437\u0435\u0440<\/i>.",
		"eu": "Kautotuta zauden zerbitzu bat edo batzuk <i>ez dute uzten saioa ixten<\/i>. Zure saio guztiak ixten direla ziurtatzeko, <i>zure nabigatzaileko leiho guztiak ixtea<\/i> gomendatzen da.",
		"af": "Een of meerdere dienste waarby jy aangemeld het, <i>ondersteun nie afmelding nie<\/i>. Om seker te wees datal jou sessies afgesluit word, is dit beter om jou <i>webblaaier toe te maak<\/i>.",
		"el": "\u039c\u03af\u03b1 \u03ae \u03c0\u03b5\u03c1\u03b9\u03c3\u03c3\u03cc\u03c4\u03b5\u03c1\u03b5\u03c2 \u03c5\u03c0\u03b7\u03c1\u03b5\u03c3\u03af\u03b5\u03c2 \u03bc\u03b5 \u03c4\u03b9\u03c2 \u03bf\u03c0\u03bf\u03af\u03b5\u03c2 \u03b5\u03af\u03c3\u03c4\u03b5 \u03c3\u03c5\u03bd\u03b4\u03b5\u03b4\u03b5\u03bc\u03ad\u03bd\u03bf\u03c2\u002f\u03b7 \u03b4\u03b5\u03bd \u03c5\u03c0\u03bf\u03c3\u03c4\u03b7\u03c1\u03af\u03b6\u03bf\u03c5\u03bd \u03b1\u03c0\u03bf\u03c3\u03cd\u03bd\u03b4\u03b5\u03c3\u03b7\u002e \u0393\u03b9\u03b1 \u03c4\u03bf \u03ba\u03bb\u03b5\u03af\u03c3\u03b9\u03bc\u03bf \u03cc\u03bb\u03c9\u03bd \u03c4\u03c9\u03bd \u03c3\u03c5\u03bd\u03b5\u03b4\u03c1\u03b9\u03ce\u03bd \u03c3\u03b1\u03c2 (sessions), \u03c3\u03b1\u03c2 \u03c3\u03c5\u03bd\u03b9\u03c3\u03c4\u03bf\u03cd\u03bc\u03b5 \u03bd\u03b1 <i>\u03ba\u03bb\u03b5\u03af\u03c3\u03b5\u03c4\u03b5<\/i> \u03c4\u03bf \u03c0\u03c1\u03cc\u03b3\u03c1\u03b1\u03bc\u03bc\u03b1 \u03c0\u03bb\u03bf\u03ae\u03b3\u03b7\u03c3\u03b7\u03c2 (web browser).",
		"zu": "Isevisi eyodwa noma ngaphezulu ongene kuyo <i>ayikusekeli ukuphuma</i>. Ukuze wenze isiqiniseko sokuthi wonke amaseshini akho avaliwe, ukhuthazwa ukuthi <i>uvale isiphequluli sakho sewebhu</i>.",
		"xh": "Inkonzo enye okanye ezingakumbi ongeneyo kuzo <i>azikuxhasi ukuphuma</i>. Ukuqinisekisa zonke iiseshoni zakho zivaliwe, ukhuthazwa <i>uvale ibhrawuza yewebhu</i>.",
		"st": "E le nngwe kapa ho feta ya ditshebeletso tseo o keneng ho tsona <i>ha e tshehetse ho tswa</i>. Ho netefatsa hore diseshene tsohle tsa hao di kwetswe, o kgothaletswa ho <i>kwala sebadi sa webo sa hao</i>.",
		"ca": "Un o més dels serveis que heu accedit a <i>no admeten tancar la sessió<\/i>. Per assegurar-vos que totes les vostres sessions estan tancades, us animem a <i>tancar el vostre navegador web<\/i>."
	},
	"no": {
		"no": "Nei",
		"nn": "Nei",
		"sv": "Nej",
		"es": "No",
		"fr": "Non",
		"de": "Nein",
		"nl": "Nee",
		"sl": "Ne",
		"da": "Nej",
		"hu": "Nem",
		"fi": "Ei",
		"pt": "N\u00e3o",
		"pl": "Nie",
		"cs": "Ne",
		"eu": "Ez",
		"tr": "Hay\u0131r",
		"it": "No",
		"hr": "Ne",
		"lt": "Ne",
		"ja": "\u3044\u3044\u3048",
		"zh-tw": "\u5426",
		"et": "Ei",
		"he": "\u05dc\u05d0",
		"pt-br": "N\u00e3o",
		"zh": "\u4e0d",
		"ar": "\u0644\u0627",
		"lv": "N\u0113",
		"id": "Tidak",
		"sr": "Ne",
		"ro": "Nu",
		"ru": "\u041d\u0435\u0442",
		"af": "Nee",
		"el": "\u038c\u03c7\u03b9",
		"xh": "Hayi",
		"zu": "Cha",
		"st": "Tjhe",
		"ca": "No"
	},
	"logging_out_from": {
		"sl": "Odjava iz naslednjih storitev:",
		"da": "Du logger ud af f\u00f8lgende services:",
		"pt": "A sair dos servi\u00e7os seguintes:",
		"sv": "Loggar ut fr\u00e5n f\u00f6ljande tj\u00e4nster:",
		"no": "Logger ut fra f\u00f8lgende tjenester:",
		"nn": "Logger ut fr\u00e5 f\u00f8lgende tenester:",
		"de": "Melde Sie von den folgenden Diensten ab:",
		"hr": "Odjavljujete se iz sljede\u0107ih servisa:",
		"fr": "D\u00e9connexion des services suivants :",
		"lt": "Vyksta atjungimas nuo \u0161i\u0173 paslaug\u0173:",
		"it": "Disconnessione in corso dai seguenti servizi:",
		"es": "Cerrando las sesiones de los siguientes servicios:",
		"hu": "Kil\u00e9p\u00e9s az al\u00e1bbi szolg\u00e1ltat\u00e1sokb\u00f3l:",
		"ja": "\u4ee5\u4e0b\u306e\u30b5\u30fc\u30d3\u30b9\u304b\u3089\u30ed\u30b0\u30a2\u30a6\u30c8\u3057\u307e\u3057\u305f:",
		"nl": "Uitloggen van de volgende diensten:",
		"zh-tw": "\u5f9e\u4e0b\u5217\u670d\u52d9\u767b\u51fa\uff1a",
		"pl": "Wylogowanie z nast\u0119puj\u0105cych serwis\u00f3w:",
		"et": "V\u00e4lja logimine j\u00e4rgmistest teenustest:",
		"he": "\u05de\u05ea\u05e0\u05ea\u05e7 \u05de\u05d4\u05e9\u05e8\u05d5\u05ea\u05d9\u05dd \u05d4\u05d1\u05d0\u05d9\u05dd:",
		"pt-br": "Saindo dos seguintes servi\u00e7os:",
		"zh": "\u4ece\u4e0b\u5217\u670d\u52a1\u4e2d\u9000\u51fa",
		"ar": "\u062a\u0633\u062c\u064a\u0644 \u062e\u0631\u0648\u062c \u0645\u0646 \u0627\u0644\u062e\u062f\u0645\u0627\u062a \u0623\u062f\u0646\u0627\u0647 ",
		"lv": "Atsl\u0113g\u0161an\u0101s no \u0161iem servisiem:",
		"id": "Log out dari layanan-layanan berikut:",
		"sr": "Odjavljujete se iz slede\u0107ih servisa",
		"cs": "Odhl\u00e1\u0161en\u00ed z n\u00e1sleduj\u00edc\u00edch slu\u017eeb:",
		"ro": "Deautentificare din urm\u0103toarele servicii:",
		"ru": "\u0412\u044b\u0445\u043e\u0434 \u0438\u0437 \u0441\u043b\u0435\u0434\u0443\u044e\u0449\u0438\u0445 \u0441\u043b\u0443\u0436\u0431:",
		"eu": "Honako zerbitzu hauen saioak itxi:",
		"fi": "Kirjaudutaan ulos seuraavista palveluista:",
		"af": "Afmelding van die volgende dienste:",
		"el": "Γίνεται αποσύνδεση από τις ακόλουθες υπηρεσίες:",
		"zu": "Iyaphuma kumasevisi alandelayo:",
		"xh": "Iphuma kwezi nkonzo zilandelayo:",
		"st": "E tswa ditshebeletsong tse latelang:",
		"ca": "Sortida dels serveis següents:"
	},
	"failedsps": {
		"sl": "Odjava z ene ali ve\u010d storitev ni uspela. Odjavo dokon\u010dajte tako, da <i>zaprete spletni brskalnik<\/i>.",
		"da": "Kan ikke logge ud af en eller flere services. For at sikre at alle dine sessioner er lukket <i>skal du lukke din browser<\/i>.",
		"pt": "N\u00e3o foi poss\u00edvel sair de um ou mais servi\u00e7os. Para garantir que todas as suas sess\u00f5es s\u00e3o fechadas, \u00e9 recomendado <i>fechar o seu browser<\/i>.",
		"sv": "Kan inte logga ut fr\u00e5n eller flera tj\u00e4nster. F\u00f6r att vara s\u00e4ker p\u00e5 att du fortfarande inte \u00e4r inloggad ska du <i>st\u00e4nga igen alla dina webbl\u00e4sarf\u00f6nster<\/i>.",
		"no": "Greide ikke \u00e5 logge ut fra en eller flere tjenester. For \u00e5 forsikre deg om at du blir logget ut, oppfordrer vi deg til \u00e5 <i>lukke nettleseren din<\/i>.",
		"nn": "Greide ikkje \u00e5 logge ut fr\u00e5 ein eller fleire tenester. For \u00e5 sikre deg at du blir logga ut, oppfordrar vi deg til \u00e5 <i>lukke nettlesaren din<\/i>.",
		"de": "Abmelden von einem oder mehreren Diensten schlug fehl. Um sicherzustellen, dass alle Ihre Sitzungen geschlossen sind, wird Ihnen empfohlen, <i>Ihren Webbrowser zu schlie\u00dfen<\/i>.",
		"hr": "Odjavljivanje iz jednog ili vi\u0161e servisa nije uspjelo. Da biste bili sigurni da su sve va\u0161e sjednice zavr\u0161ene, preporu\u010damo da <i>zatvorite web preglednik<\/i>.",
		"fr": "Impossible de se d\u00e9connecter d'un ou plusieurs services. Pour \u00eatre certain de clore vos sessions, il vous est recommand\u00e9 de <i>fermer votre navigateur<\/i>.",
		"lt": "Nepavyksta atsijungti nuo vienos ar daugiau paslaug\u0173. Siekiant u\u017etikrinti s\u0117kming\u0105 darbo pabaig\u0105, rekomenduojame <i>u\u017edaryti nar\u0161ykl\u0119<\/i>.",
		"it": "Impossibile disconnettersi da uno o pi\u00f9 servizi. Per assicurarsi di chiudere tutte le sessioni si consiglia di <i>chiudere il browser<\/i>",
		"es": "No fue posible desconectarse de uno o m\u00e1s servicios. Para garantizar que todas sus sesiones han sido cerradas, se recomienda que <i>cierre su navegador web<\/i>.",
		"hu": "Legal\u00e1bb egy szolg\u00e1ltat\u00e1sb\u00f3l nem siker\u00fclt kil\u00e9pni. Ahhoz, hogy biztosan lez\u00e1rja a megkezdett munkamenetet, k\u00e9rj\u00fck, <i>z\u00e1rja be b\u00f6ng\u00e9sz\u0151j\u00e9t<\/i>.",
		"ja": "\u4e00\u3064\u4ee5\u4e0a\u306e\u30b5\u30fc\u30d3\u30b9\u304b\u305f\u30ed\u30b0\u30a2\u30a6\u30c8\u51fa\u6765\u307e\u305b\u3093\u3067\u3057\u305f\u3002\u78ba\u5b9f\u306b\u30bb\u30c3\u30b7\u30e7\u30f3\u3092\u7d42\u4e86\u3055\u305b\u308b\u306b\u306f\u3001<i>WEB\u30d6\u30e9\u30a6\u30b6\u3092\u9589\u3058\u308b<\/i>\u4e8b\u3092\u63a8\u5968\u3057\u307e\u3059\u3002",
		"nl": "Het was niet mogelijk bij een of meerdere diensten uit te loggen. Om alle sessies te sluiten, raden wij u aan uw <i>webbrowser te af te sluiten<\/i>.",
		"zh-tw": "\u7121\u6cd5\u6b63\u5e38\u767b\u51fa\uff0c\u70ba\u78ba\u4fdd\u60a8\u7684\u6240\u6709\u9023\u7dda\u7686\u5df2\u95dc\u9589\uff0c\u5efa\u8b70\u60a8<i>\u95dc\u9589\u700f\u89bd\u5668<\/i>\u3002",
		"et": "\u00dchest v\u00f5i mitmest teenusest v\u00e4lja logimine ei \u00f5nnestunud. Selleks, et olla kindel k\u00f5igi sessioonide l\u00f5petamises soovitame <i>sulgeda k\u00f5ik brauseri aknad<\/i>.",
		"he": "\u05d0\u05d9 \u05d0\u05e4\u05e9\u05e8 \u05dc\u05d4\u05ea\u05e0\u05ea\u05e7 \u05de\u05d0\u05d7\u05d3 \u05d0\u05d5 \u05d9\u05d5\u05ea\u05e8 \u05de\u05d4\u05e9\u05e8\u05d5\u05ea\u05d9\u05dd. \u05db\u05d3\u05d9 \u05dc\u05d5\u05d5\u05d3\u05d0 \u05e9\u05d4\u05ea\u05e0\u05ea\u05e7\u05ea <i>\u05de\u05d5\u05de\u05dc\u05e5 \u05dc\u05e1\u05d2\u05d5\u05e8 \u05d0\u05ea <\/i>.\u05d4\u05d3\u05e4\u05d3\u05e4\u05df \u05e9\u05dc\u05da",
		"pt-br": "Incapaz de sair de um ou mais servi\u00e7os. Para garantir que todas as suas sess\u00f5es ser\u00e3o fechadas, incentivamos voc\u00ea a <i>fechar seu navegador<\/i>.",
		"zh": "\u65e0\u6cd5\u4ece\u4e00\u4e2a\u6216\u8005\u591a\u4e2a\u670d\u52a1\u4e2d\u9000\u51fa\uff0c\u8bf7\u786e\u8ba4\u4f60\u6240\u6709sessions\u5df2\u5173\u95ed\uff0c\u6211\u4eec\u9f13\u52b1\u4f60 <i>\u5173\u95ed\u6d4f\u89c8\u5668<\/i>",
		"ar": "\u0644\u0645 \u0627\u0633\u062a\u0637\u0639 \u062a\u0633\u062c\u064a\u0644 \u0627\u0644\u062e\u0631\u0648\u062c \u0645\u0646 \u0648\u0627\u062d\u062f\u0629 \u0627\u0648 \u0627\u0643\u062b\u0631 \u0645\u0646 \u0627\u0644\u062e\u062f\u0645\u0627\u062a. \u0644\u0644\u062a\u0623\u0643\u062f \u0645\u0646 \u0627\u0646 \u062c\u0645\u064a\u0639 \u0635\u0641\u062d\u0627\u062a\u0643 \u0642\u062f \u0623\u063a\u0644\u0642\u062a \u0642\u0645 \u0628\u0625\u063a\u0644\u0627\u0642 \u0645\u062a\u0635\u0641\u062d\u0643",
		"lv": "Nav iesp\u0113jams atsl\u0113gties no viena vai vair\u0101kiem servisiem. Lai aizv\u0113rtu visas sesijas, <i>aizveriet savu interneta p\u0101rl\u016bku<\/i>.",
		"id": "Tidak dapat log out dari satu atau beberapa layanan. Untuk memastikan semua session anda ditutup, anda disaranakan untuk <i>menutup web browser anda<\/i>.",
		"sr": "Odjavljivanje iz jednog ili vi\u0161e servisa nije uspelo. Da biste bili sigurni da su sve va\u0161e sesija zavr\u0161ene, preporu\u010dujemo da <i>zatvorite web pretra\u017eiva\u010d<\/i>.",
		"cs": "Odhl\u00e1\u0161en\u00ed z jedn\u00e9 nebo z v\u00edce slu\u017eeb se nezda\u0159ilo. Aby bylo zaji\u0161t\u011bno, \u017ee v\u0161echny va\u0161e relace budou uzav\u0159eny, doporu\u010dujeme <i>ukon\u010dit v\u00e1\u0161 webov\u00fd prohl\u00ed\u017ee\u010d<\/i>.",
		"ro": "Nu a fost posibil\u0103 deautentificarea pentru unul sau mai multe servicii. Pentru a fi sigur c\u0103 toate sesiunile sunt \u00eenchise, v\u0103 rug\u0103m s\u0103 \u00eenchide\u021bi <i>browser-ul<\/i>.",
		"ru": "\u041d\u0435\u0432\u043e\u0437\u043c\u043e\u0436\u043d\u043e \u0432\u044b\u0439\u0442\u0438 \u0438\u0437 \u043d\u0435\u043a\u043e\u0442\u043e\u0440\u044b\u0445 \u0441\u043b\u0443\u0436\u0431.  \u0414\u043b\u044f \u043e\u0431\u0435\u0441\u043f\u0435\u0447\u0435\u043d\u0438\u044f \u0437\u0430\u043a\u0440\u044b\u0442\u0438\u044f \u0432\u0441\u0435\u0445 \u0441\u0435\u0441\u0441\u0438\u0439, <i>\u0437\u0430\u043a\u0440\u043e\u0439\u0442\u0435 \u0432\u0430\u0448 \u0431\u0440\u0430\u0443\u0437\u0435\u0440<\/i>. ",
		"eu": "Ezinezkoa da zerbitzu bat edo batzuen saioak ixtea. Zure saio guztiak itxi direla ziurtatzeko, <i>zure web nabigatzailea ixtea<\/i> gomendatzen da.  ",
		"fi": "Uloskirjautuminen yhdest\u00e4 tai useammasta palvelusta ep\u00e4onnistui. <i>Sulje web-selaimesi<\/i> varmistaaksesi, ett\u00e4 kaikki istuntosi sulkeutuvat.",
		"af": "Dit was nie moontlik om van een of meer dienste af te meld nie. Om seker te wees dat al jou sessies afgesluit word, is dit beter om jou <i>webblaaier toe te maak<\/i>.",
		"el": "\u0394\u03b5\u03bd \u03ae\u03c4\u03b1\u03bd \u03b4\u03c5\u03bd\u03b1\u03c4\u03ae \u03b7 \u03b1\u03c0\u03bf\u03c3\u03cd\u03bd\u03b4\u03b5\u03c3\u03b7 \u03b1\u03c0\u03cc \u03bc\u03af\u03b1 \u03ae \u03c0\u03b5\u03c1\u03b9\u03c3\u03c3\u03cc\u03c4\u03b5\u03c1\u03b5\u03c2 \u03c5\u03c0\u03b7\u03c1\u03b5\u03c3\u03af\u03b5\u03c2\u002e \u0393\u03b9\u03b1 \u03c4\u03bf \u03ba\u03bb\u03b5\u03af\u03c3\u03b9\u03bc\u03bf \u03cc\u03bb\u03c9\u03bd \u03c4\u03c9\u03bd \u03c3\u03c5\u03bd\u03b5\u03b4\u03c1\u03b9\u03ce\u03bd \u03c3\u03b1\u03c2 (sessions), \u03c3\u03b1\u03c2 \u03c3\u03c5\u03bd\u03b9\u03c3\u03c4\u03bf\u03cd\u03bc\u03b5 \u03bd\u03b1 <i>\u03ba\u03bb\u03b5\u03af\u03c3\u03b5\u03c4\u03b5<\/i> \u03c4\u03bf \u03c0\u03c1\u03cc\u03b3\u03c1\u03b1\u03bc\u03bc\u03b1 \u03c0\u03bb\u03bf\u03ae\u03b3\u03b7\u03c3\u03b7\u03c2 (web browser).",
		"xh": "Awukwazi ukuphuma kwinkonzo enye okanye ezingakumbi. Ukuqinisekisa zonke iiseshoni zakho zivaliwe, ukhuthazwa <i>uvale ibhrawuza yewebhu</i>.",
		"zu": "Ayikwazi ukuphuma kusevisi eyodwa noma ngaphezulu. Ukuze wenze isiqiniseko sokuthi wonke amaseshini akho avaliwe, ukhuthazwa ukuthi <i>uvale isiphequluli sakho sewebhu</i>.",
		"st": "Ha e kgone ho tswa tshebeletsong e le nngwe kapa ho feta. Ho netefatsa hore diseshene tsohle tsa hao di kwetswe, o kgothaletswa ho <i>kwala sebadi sa webo sa hao</i>.",
		"ca": "No es pot tancar la sessió d'un o més serveis. Per assegurar-vos que totes les vostres sessions estan tancades, us animem a <i>tancar el vostre navegador web<\/i>."
	}
}
