{
	"disable_title": {
		"no": "Skrudd av mulighet for automatisk innlogging for denne nettleseren",
		"nn": "Skrudd av moglegheit for automatisk innlogging for denne nettlesaren",
		"sv": "St\u00e4ngde av m\u00f6jligheten att anv\u00e4nda automatisk inloggning f\u00f6r denna webbl\u00e4sare",
		"fr": "La possibilit\u00e9 d'utiliser la connection automatique est d\u00e9sactiv\u00e9e pour ce navigateur",
		"et": "Seda lehek\u00fclge k\u00fclastades l\u00fclitasid automaatse sisselogimise selles brauseris v\u00e4lja.",
		"lt": "I\u0161jungta galimyb\u0117 naudoti automatin\u012f prisijungim\u0105 \u0161ioje nar\u0161ykl\u0117je",
		"sr": "Mogu\u0107nost automatske prijave je za ovaj pretra\u017eiva\u010d isklju\u010dena",
		"it": "Login automatico disabilitato per questo browser.",
		"nl": "Mogelijkheid tot automatisch inloggen voor deze browser uitgeschakeld",
		"es": "La identificaci\u00f3n autom\u00e1tica en este navegador se ha deshabilitado.",
		"ro": "Posibilitatea utiliz\u0103rii autentific\u0103rii automate a fost dezactivat\u0103 pentru acest browser",
		"ar": "\u0644\u0642\u062f \u062a\u0645 \u0625\u064a\u0642\u0627\u0641 \u062e\u0627\u0635\u064a\u0629 \u0627\u0644\u062f\u062e\u0648\u0644 \u0627\u0644\u062a\u0644\u0642\u0627\u0626\u064a \u0641\u064a \u0647\u0630\u0627 \u0627\u0644\u0645\u062a\u0635\u0641\u062d ",
		"ru": "\u041e\u0442\u043a\u043b\u044e\u0447\u0438\u0442\u044c \u0444\u0443\u043d\u043a\u0446\u0438\u044e \u0430\u0432\u0442\u043e\u043c\u0430\u0442\u0438\u0447\u0435\u0441\u043a\u043e\u0433\u043e \u043b\u043e\u0433\u0438\u043d\u0430 \u0434\u043b\u044f \u0434\u0430\u043d\u043d\u043e\u0433\u043e \u0431\u0440\u0430\u0443\u0437\u0435\u0440\u0430",
		"cs": "Mo\u017enost pou\u017eit\u00ed automatick\u00e9ho p\u0159ihl\u00e1\u0161en\u00ed pro tento prohl\u00ed\u017ee\u010d vypnuta",
		"hr": "Mogu\u0107nost automatske prijave za ovaj web preglednik je isklju\u010dena",
		"zh": "\u5173\u95ed\u672c\u6d4f\u89c8\u5668\u4e0a\u7684\u81ea\u52a8\u767b\u5f55\u529f\u80fd",
		"eu": "Nabigatzaile honetan identifikazio automatikoa desgaitu da.",
		"de": "Automatische Anmeldung f\u00fcr diesen Browser ausgeschaltet.",
		"id": "Login otomatis pada peramban ini telah dimatikan",
		"zh-tw": "\u5617\u8a66\u65bc\u700f\u89bd\u5668\u95dc\u9589\u81ea\u52d5\u767b\u5165\u529f\u80fd",
		"da": "Mulighed for automatisk login med denne browser er sl\u00e5et fra",
		"af": "Outomatiese aanmelding is afgeskakel vir die webblaaier",
		"el": "\u0388\u03c7\u03b5\u03c4\u03b5 \u03b1\u03c0\u03b5\u03bd\u03b5\u03c1\u03b3\u03bf\u03c0\u03bf\u03b9\u03ae\u03c3\u03b5\u03b9 \u03c4\u03b7 \u03b4\u03c5\u03bd\u03b1\u03c4\u03cc\u03c4\u03b7\u03c4\u03b1 \u03b1\u03c5\u03c4\u03cc\u03bc\u03b1\u03c4\u03b7\u03c2 \u03c3\u03cd\u03bd\u03b4\u03b5\u03c3\u03b7\u03c2 \u03bc\u03ad\u03c3\u03c9 \u03b1\u03c5\u03c4\u03bf\u03cd \u03c4\u03bf\u03c5 \u03c0\u03c1\u03bf\u03b3\u03c1\u03ac\u03bc\u03bc\u03b1\u03c4\u03bf\u03c2 \u03c0\u03b5\u03c1\u03b9\u03ae\u03b3\u03b7\u03c3\u03b7\u03c2"
	},
	"disable_info_pre": {
		"no": "<p>Ved \u00e5 g\u00e5 til denne siden har du skrudd av muligheten for automatisk innlogging for denne nettleseren.<\/p><p>For \u00e5 skru p\u00e5 igjen muligheten, kan du g\u00e5 til <a href='URL'>denne siden<\/a>.<\/p>",
		"nn": "<p>Ved \u00e5 g\u00e5 til denne siden har du skrudd av moglegheit for automatisk innlogging for denne nettlesaren.<\/p><p>For \u00e5 skru p\u00e5 igjen moglegheita, kan du g\u00e5 til <a href='URL'>denne siden<\/a>.<\/p>",
		"sv": "<p>Genom att bes\u00f6ka denna sida har du st\u00e4ngt av m\u00f6jligheten att anv\u00e4nda automatisk inloggning f\u00f6r denna webbl\u00e4sare.<\/p><p>F\u00f6r att sl\u00e5 p\u00e5 m\u00f6jligheten igen bes\u00f6k <a href='URL'>denna sida<\/a>.<\/p>",
		"fr": "<p>En acc\u00e9dant \u00e0 cette page, vous avez d\u00e9sactiv\u00e9 la possibilit\u00e9 d'utiliser la connection automatique pour ce navigateur.<\/p><p>Pour l'activer \u00e0 nouveau, merci de visiter <a href='URL'>cette page<\/a>.<\/p>",
		"et": "<p>Seda lehek\u00fclge k\u00fclastades l\u00fclitasid automaatse sisselogimise selles brauseris v\u00e4lja.<\/p><p>Sisse l\u00fclitamiseks k\u00fclasta <a href='URL'>seda lehek\u00fclge<\/a>.<\/p>",
		"lt": "<p>Jungdamiesi \u012f \u0161i\u0105 setain\u0119, J\u016bs i\u0161jung\u0117te galimyb\u0119 naudoti automatin\u012f prisijungim\u0105 \u0161ioje nar\u0161ykl\u0117je.<\/p><p>Nor\u0117dami j\u012f v\u0117l \u012fjungti, apsilankykite <a href='URL'>\u0161ioje svetain\u0117je<\/a>.<\/p>",
		"sr": "<p>Pristupanjem na ovu stranicu, ovaj pretra\u017eiva\u010d ste za isklju\u010dili mogu\u0107nost automatske prijave.<\/p><p>Da bi ste opet uklju\u010dili ovu mogu\u0107nost, molim vas posetite <a href='URL'>ovu stranicu<\/a>.<\/p>",
		"it": "<p>Per accedere a questa pagina devi disabilitare il login automatico sul tuo browser<\/p><p>Per riattivarlo visita <a href='URL'>questa pagina<\/a>.<\/p>",
		"nl": "<p>Middels het laden van deze pagina heeft u de mogelijkheid tot automatisch inloggen uitgeschakeld voor deze browser.<\/p><p>Om dit weer in te schakelen, bezoekt u <a href='URL'>deze pagina<\/a>.<\/p>",
		"es": "<p>Al acceder a esta p\u00e1gina, ha deshabilitado la posibilidad de identificarse autom\u00e1ticamente en este navegador.<\/p><p>Para habilitarla de nuevo, por favor, visite <a href='URL'>esta p\u00e1gina<\/a>.<\/p>",
		"ro": "<p>Prin accesarea acestei pagini a\u021bi dezactivat posibilitatea utiliz\u0103rii autentific\u0103rii automate pentru acest browser.<\/p><p>Pentru a activa din nou aceast\u0103 posibilitate v\u0103 rug\u0103m s\u0103 accesa\u021bi <a href=\"URL\">aceast\u0103 pagin\u0103<\/a>.<\/p>",
		"ar": "<p>\u0628\u062f\u062e\u0648\u0644\u0643 \u0639\u0644\u0649 \u0647\u0630\u0647 \u0627\u0644\u0635\u0641\u062d\u0629, \u0641\u0642\u062f \u0642\u0645\u062a \u0628\u0625\u064a\u0642\u0627\u0641 \u062e\u0627\u0635\u064a\u0629 \u0627\u0644\u062f\u062e\u0648\u0644 \u0627\u0644\u062a\u0644\u0642\u0627\u0626\u064a \u0645\u0646 \u0627\u0644\u0645\u062a\u0635\u0641\u062d.<\/p><p>\u0644\u0625\u0639\u0627\u062f\u0629 \u062a\u0634\u063a\u064a\u0644\u0647\u0627 \u0645\u0631\u0629 \u0623\u062e\u0631\u0649 \u0642\u0645 \u0628\u0632\u064a\u0627\u0631\u0629 <a href='URL'>\u0647\u0630\u0647 \u0627\u0644\u0635\u0641\u062d\u0629<\/a>.<\/p>",
		"ru": "<p>\u0412\u043e\u0439\u0434\u044f \u043d\u0430 \u044d\u0442\u0443 \u0441\u0442\u0440\u0430\u043d\u0438\u0446\u0443, \u0412\u044b \u043e\u0442\u043a\u043b\u044e\u0447\u0438\u043b\u0438 \u0432\u043e\u0437\u043c\u043e\u0436\u043d\u043e\u0441\u0442\u044c \u0438\u0441\u043f\u043e\u043b\u044c\u0437\u043e\u0432\u0430\u0442\u044c \u0444\u0443\u043d\u043a\u0446\u0438\u044e \u0430\u0432\u0442\u043e\u043c\u0430\u0442\u0438\u0447\u0435\u0441\u043a\u043e\u0433\u043e \u043b\u043e\u0433\u0438\u043d\u0430 \u0432 \u0434\u0430\u043d\u043d\u043e\u043c \u0431\u0440\u0430\u0443\u0437\u0435\u0440\u0435.<\/p><p>\u0414\u043b\u044f \u043f\u043e\u0432\u0442\u043e\u0440\u043d\u043e\u0433\u043e \u0432\u043a\u043b\u044e\u0447\u0435\u043d\u0438\u044f \u043f\u043e\u0441\u0435\u0442\u0438\u0442\u0435 <a href='URL'>\u044d\u0442\u0443 \u0441\u0442\u0440\u0430\u043d\u0438\u0446\u0443<\/a>.<\/p>",
		"cs": "<p>P\u0159\u00edstupem na tuto str\u00e1nku jste vypnuli mo\u017enost pou\u017e\u00edt automatick\u00e9 p\u0159ihl\u00e1\u0161en\u00ed pro tento prohl\u00ed\u017ee\u010d.<\/p><p>Pro jej\u00ed zapnut\u00ed, pros\u00edm, nav\u0161tivte <a href='URL'>tuto str\u00e1nku<\/a>.<\/p>",
		"hr": "<p>Pristupanjem ovoj stranici isklju\u010dili ste opciju automatske prijave za ovaj web preglednik.<\/p><p>Da biste je ponovo uklju\u010dili, kliknite <a href='URL'>ovdje<\/a>.<\/p>",
		"zh": "<p>\u5f53\u60a8\u8fde\u4e0a\u672c\u9875\u9762\u65f6\uff0c\u672c\u6d4f\u89c8\u5668\u81ea\u52a8\u767b\u5f55\u529f\u80fd\u5df2\u5173\u95ed\u3002<\/p><p>\u8bf7\u8bbf\u95ee<a href='URL'>\u6b64\u5904<\/a>\u4ee5\u91cd\u65b0\u542f\u7528\u81ea\u52a8\u767b\u5f55\u529f\u80fd\u3002<\/p>",
		"eu": "<p>Orri honetan sartzean, nabigatzaile honetan automatikoki identifikatzeko aukera desgaitu da. <\/p><p>Berriz gaitzeko, mesedez, bisita ezazu <a href='URL'>orri hau<\/a>.<\/p>",
		"de": "<p>Durch den Zugriff auf diese Seite haben Sie die automatische Anmeldung f\u00fcr diesen Browser ausgeschaltet.<\/p><p>Um sie wieder einzuschalten, besuchen Sie bitte<a href='URL'>diese Seite<\/a>.<\/p>",
		"id": "<p>Dengan mengakses halaman ini, Anda telah mematikan login otomatis pada peramban ini.<\/p><p>Hendak menghidupkan login otomatis? Mohon kunjungi <a href='URL'>halaman ini<\/a>.<\/p>",
		"zh-tw": "<p>\u7576\u5b58\u53d6\u6b64\u9801\u6642\uff0c\u60a8\u5df2\u7d93\u65bc\u700f\u89bd\u5668\u95dc\u9589\u81ea\u52d5\u767b\u5165\u3002<\/p><p>\u5982\u8981\u518d\u5ea6\u958b\u555f\uff0c\u8acb\u9020\u8a2a<a href='URL'>\u6b64\u9801<\/a>\u3002<\/p>",
		"da": "<p>Ved at tilg\u00e5 denne side har du sl\u00e5et mulighed for automatisk login med denne browser fra.<\/p><p>For at sl\u00e5 muligheden til igen, bes\u00f8g venligst <a href='URL'>denne side<\/a>.<\/p>",
		"af": "<p> Deur toegang te verkry tot die bladsy het jy outomatiese aanmelding vermo\u00eb afgeskakel vir die webblaaier.<\/p> <p> Om dit weer te aktiveer besoek <a href='URL'> hierdie bladsy <\/a>. <\/p>",
		"el": "<p>\u039c\u03b5 \u03c4\u03b7\u03bd \u03c0\u03c1\u03cc\u03c3\u03b2\u03b1\u03c3\u03b7 \u03c3\u03b5 \u03b1\u03c5\u03c4\u03ae \u03c4\u03b7 \u03c3\u03b5\u03bb\u03af\u03b4\u03b1, \u03ad\u03c7\u03b5\u03c4\u03b5 \u03b1\u03c0\u03b5\u03bd\u03b5\u03c1\u03b3\u03bf\u03c0\u03bf\u03b9\u03ae\u03c3\u03b5\u03b9 \u03c4\u03b7 \u03b4\u03c5\u03bd\u03b1\u03c4\u03cc\u03c4\u03b7\u03c4\u03b1 \u03b1\u03c5\u03c4\u03cc\u03bc\u03b1\u03c4\u03b7\u03c2 \u03c3\u03cd\u03bd\u03b4\u03b5\u03c3\u03b7\u03c2 \u03bc\u03ad\u03c3\u03c9 \u03b1\u03c5\u03c4\u03bf\u03cd \u03c4\u03bf\u03c5 \u03c0\u03c1\u03bf\u03b3\u03c1\u03ac\u03bc\u03bc\u03b1\u03c4\u03bf\u03c2 \u03c0\u03b5\u03c1\u03b9\u03ae\u03b3\u03b7\u03c3\u03b7\u03c2.<\/p><p>\u0393\u03b9\u03b1 \u03bd\u03b1 \u03b5\u03bd\u03b5\u03c1\u03b3\u03bf\u03c0\u03bf\u03b9\u03ae\u03c3\u03b5\u03c4\u03b5 \u03ba\u03b1\u03b9 \u03c0\u03ac\u03bb\u03b9 \u03c4\u03b7\u03bd \u03b5\u03bd \u03bb\u03cc\u03b3\u03c9 \u03b4\u03c5\u03bd\u03b1\u03c4\u03cc\u03c4\u03b7\u03c4\u03b1, \u03c0\u03b1\u03c1\u03b1\u03ba\u03b1\u03bb\u03b5\u03af\u03c3\u03c4\u03b5 \u03bd\u03b1 \u03b5\u03c0\u03b9\u03c3\u03ba\u03b5\u03c6\u03b8\u03b5\u03af\u03c4\u03b5 <a href='URL'>\u03b1\u03c5\u03c4\u03ae \u03c4\u03b7 \u03c3\u03b5\u03bb\u03af\u03b4\u03b1<\/a>.<\/p>"
	},
	"enable_title": {
		"no": "Skrudd p\u00e5 mulighet for automatisk innlogging for denne nettleseren",
		"nn": "Skrudd p\u00e5 moglegheit for automatisk innlogging for denne nettlesaren",
		"sv": "Aktiverade m\u00f6jligheten att anv\u00e4nda automatisk inloggning f\u00f6r denna webbl\u00e4sare",
		"fr": "La possibilit\u00e9 d'utiliser la connection automatique est activ\u00e9e pour ce navigateur",
		"et": "L\u00fclitasid automaatse sisselogimise selles brauseris sisse",
		"lt": "\u012ejungta galimyb\u0117 naudoti automatin\u012f prisijungim\u0105 \u0161ioje nar\u0161ykl\u0117je",
		"sr": "Mogu\u0107nost automatske prijave je za ovaj pretra\u017eiva\u010d uklju\u010dena",
		"it": "Login automatico per questo browser attivato.",
		"nl": "Mogelijkheid tot automatisch inloggen voor deze browser ingeschakeld",
		"es": "La identificaci\u00f3n autom\u00e1tica en este navegador se ha habilitado.",
		"ro": "Posibilitatea utiliz\u0103rii autentific\u0103rii automate a fost activat\u0103 pentru acest browser",
		"ar": "\u0644\u0642\u062f \u062a\u0645 \u062a\u0641\u0639\u064a\u0644 \u062e\u0627\u0635\u064a\u0629 \u0627\u0644\u062f\u062e\u0648\u0644 \u0627\u0644\u062a\u0644\u0642\u0627\u0626\u064a \u0641\u064a \u0647\u0630\u0627 \u0627\u0644\u0645\u062a\u0635\u0641\u062d",
		"ru": "\u0412\u043e\u0437\u043c\u043e\u0436\u043d\u043e\u0441\u0442\u044c \u0438\u0441\u043f\u043e\u043b\u044c\u0437\u043e\u0432\u0430\u0442\u044c \u0444\u0443\u043d\u043a\u0446\u0438\u044e \u0430\u0432\u0442\u043e\u043c\u0430\u0442\u0438\u0447\u0435\u0441\u043a\u043e\u0433\u043e \u043b\u043e\u0433\u0438\u043d\u0430 \u0432 \u0434\u0430\u043d\u043d\u043e\u043c \u0431\u0440\u0430\u0443\u0437\u0435\u0440\u0435 \u043e\u0442\u043a\u043b\u044e\u0447\u0435\u043d\u0430",
		"cs": "Povolena mo\u017enost pou\u017eit\u00ed automatick\u00e9ho p\u0159ihl\u00e1\u0161en\u00ed pro tento prohl\u00ed\u017ee\u010d.",
		"hr": "Mogu\u0107nost automatske prijave za ovaj web preglednik je uklju\u010dena",
		"zh": "\u542f\u7528\u672c\u6d4f\u89c8\u5668\u4e0a\u7684\u81ea\u52a8\u767b\u5f55\u529f\u80fd",
		"eu": "Nabigatzaile honetan identifikazio automatikoa gaitu da.",
		"de": "Automatische Anmeldung f\u00fcr diesen Browser eingeschaltet.",
		"id": "Login otomatis pada peramban ini telah diaktifkan",
		"zh-tw": "\u5617\u8a66\u65bc\u700f\u89bd\u5668\u958b\u555f\u81ea\u52d5\u767b\u5165",
		"da": "Mulighed for automatisk login med denne browser er sl\u00e5et til",
		"af": "Outomatiese aanmelding geaktiveer vir die webblaaier",
		"el": "\u0388\u03c7\u03b5\u03c4\u03b5 \u03b5\u03bd\u03b5\u03c1\u03b3\u03bf\u03c0\u03bf\u03b9\u03ae\u03c3\u03b5\u03b9 \u03c4\u03b7 \u03b4\u03c5\u03bd\u03b1\u03c4\u03cc\u03c4\u03b7\u03c4\u03b1 \u03b1\u03c5\u03c4\u03cc\u03bc\u03b1\u03c4\u03b7\u03c2 \u03c3\u03cd\u03bd\u03b4\u03b5\u03c3\u03b7\u03c2 \u03bc\u03ad\u03c3\u03c9 \u03b1\u03c5\u03c4\u03bf\u03cd \u03c4\u03bf\u03c5 \u03c0\u03c1\u03bf\u03b3\u03c1\u03ac\u03bc\u03bc\u03b1\u03c4\u03bf\u03c2 \u03c0\u03b5\u03c1\u03b9\u03ae\u03b3\u03b7\u03c3\u03b7\u03c2"
	},
	"enable_info_pre": {
		"no": "<p>Ved \u00e5 g\u00e5 til denne siden har du skrudd p\u00e5 muligheten for automatisk innlogging for denne nettleseren.<\/p><p>For \u00e5 skru av igjen muligheten, kan du g\u00e5 til <a href='URL'>denne siden<\/a>.<\/p>",
		"nn": "<p>Ved \u00e5 g\u00e5 til denne siden har du skrudd p\u00e5 moglegheit for automatisk innlogging for denne nettlesaren.<\/p><p>For \u00e5 skru av igjen moglegheita, kan du g\u00e5 til <a href='URL'>denne siden<\/a>.<\/p>",
		"sv": "<p>Genom att bes\u00f6ka denna sida har du aktiverat m\u00f6jligheten att anv\u00e4nda automatisk inloggning f\u00f6r denna webbl\u00e4sare.<\/p><p>F\u00f6r att sl\u00e5 av m\u00f6jligheten igen bes\u00f6k <a href='URL'>denna sida<\/a>.<\/p>",
		"fr": "<p>En acc\u00e9dant \u00e0 cette page, vous avez activ\u00e9 la possibilit\u00e9 d'utiliser la connection automatique pour ce navigateur.<\/p><p>Pour la d\u00e9sactiver \u00e0 nouveau, merci de visiter <a href='URL'>cette page<\/a>.<\/p>",
		"et": "<p>Seda lehek\u00fclge k\u00fclastades l\u00fclitasid automaatse sisselogimise selles brauseris sisse.<\/p><p>V\u00e4lja l\u00fclitamiseks k\u00fclasta <a href='URL'>seda lehek\u00fclge<\/a>.<\/p>",
		"lt": "<p>Jungdamiesi \u012f \u0161i\u0105 setain\u0119, J\u016bs \u012fjung\u0117te galimyb\u0119 naudoti automatin\u012f prisijungim\u0105 \u0161ioje nar\u0161ykl\u0117je.<\/p><p>Nor\u0117dami j\u012f v\u0117l i\u0161jungti, apsilankykite <a href='URL'>\u0161ioje svetain\u0117je<\/a>.<\/p>",
		"sr": "<p>Pristupanjem na ovu stranicu, ovaj pretra\u017eiva\u010d ste za uklju\u010dili mogu\u0107nost automatske prijave.<\/p><p>Da bi ste opet isklju\u010dili ovu mogu\u0107nost, molim vas posetite <a href='URL'>ovu stranicu<\/a>.<\/p>",
		"it": "<p>Per accedere a questa pagina devi abilitare il login automatico sul tuo browser<\/p><p>Per riattivarlo visita <a href='URL'>questa pagina<\/a>.<\/p>",
		"nl": "<p>Middels het laden van deze pagina heeft u de mogelijkheid tot automatisch inloggen ingeschakeld voor deze browser.<\/p><p>Om dit weer uit te schakelen, bezoekt u <a href='URL'>deze pagina<\/a>.<\/p>",
		"es": "<p>Al acceder a esta p\u00e1gina, ha habilitado la identificaci\u00f3n autom\u00e1tica en este navegador.<\/p><p>Para deshabilitarlo de nuevo, por favor, visite <a href='URL'>esta p\u00e1gina<\/a>.<\/p>",
		"ro": "<p>Prin accesarea acestei pagini a\u021bi activat posibilitatea utiliz\u0103rii autentific\u0103rii automate pentru acest browser.<\/p><p>Pentru a dezactiva aceast\u0103 posibilitate v\u0103 rug\u0103m s\u0103 accesa\u021bi <a href=\"URL\">aceast\u0103 pagin\u0103<\/a>.<\/p>",
		"ar": "<p>\u0628\u062f\u062e\u0648\u0644\u0643 \u0639\u0644\u0649 \u0647\u0630\u0647 \u0627\u0644\u0635\u0641\u062d\u0629, \u0641\u0642\u062f \u0642\u0645\u062a \u0628\u062a\u0641\u0639\u064a\u0644 \u062e\u0627\u0635\u064a\u0629 \u0627\u0644\u062f\u062e\u0648\u0644 \u0627\u0644\u062a\u0644\u0642\u0627\u0626\u064a \u0645\u0646 \u0627\u0644\u0645\u062a\u0635\u0641\u062d.<\/p><p>\u0644\u0625\u0639\u0627\u062f\u0629 \u0625\u064a\u0642\u0627\u0641\u0647\u0627 \u0645\u0631\u0629 \u0623\u062e\u0631\u0649 \u0642\u0645 \u0628\u0632\u064a\u0627\u0631\u0629 <a href='URL'>\u0647\u0630\u0647 \u0627\u0644\u0635\u0641\u062d\u0629<\/a>.<\/p>",
		"ru": "<p>\u0412\u043e\u0439\u0434\u044f \u043d\u0430 \u044d\u0442\u0443 \u0441\u0442\u0440\u0430\u043d\u0438\u0446\u0443, \u0412\u044b \u0432\u043a\u043b\u044e\u0447\u0438\u043b\u0438 \u0432\u043e\u0437\u043c\u043e\u0436\u043d\u043e\u0441\u0442\u044c \u0438\u0441\u043f\u043e\u043b\u044c\u0437\u043e\u0432\u0430\u0442\u044c \u0444\u0443\u043d\u043a\u0446\u0438\u044e \u0430\u0432\u0442\u043e\u043c\u0430\u0442\u0438\u0447\u0435\u0441\u043a\u043e\u0433\u043e \u043b\u043e\u0433\u0438\u043d\u0430 \u0432 \u0434\u0430\u043d\u043d\u043e\u043c \u0431\u0440\u0430\u0443\u0437\u0435\u0440\u0435.<\/p><p>\u0414\u043b\u044f \u0435\u0435 \u043e\u0442\u043a\u043b\u044e\u0447\u0435\u043d\u0438\u044f , \u043f\u043e\u0436\u0430\u043b\u0443\u0439\u0441\u0442\u0430, \u043f\u043e\u0441\u0435\u0442\u0438\u0442\u0435 <a href='URL'>\u044d\u0442\u0443 \u0441\u0442\u0440\u0430\u043d\u0438\u0446\u0443<\/a>.<\/p>",
		"cs": "<p>P\u0159\u00edstupem na tuto str\u00e1nku jste zapnuli mo\u017enost pou\u017e\u00edt automatick\u00e9 p\u0159ihl\u00e1\u0161en\u00ed pro tento prohl\u00ed\u017ee\u010d.<\/p><p>Pro jej\u00ed vypnut\u00ed, pros\u00edm, nav\u0161tivte <a href='URL'>tuto str\u00e1nku<\/a>.<\/p>",
		"hr": "<p>Pristupanjem ovoj stranici uklju\u010dili ste opciju automatske prijave za ovaj web preglednik.<\/p><p>Da biste isklju\u010dili opciju automatskog prijavljivanja, kliknite <a href='URL'>ovdje<\/a>.<\/p>",
		"eu": "<p>Orri honetan sartzean, nabigatzaile honetan automatikoki identifikatzeko aukera gaitu da. <\/p><p>Berriz desgaitzeko, mesedez, bisita ezazu <a href='URL'>orri hau<\/a>.<\/p>",
		"de": "<p>Durch den Zugriff auf diese Seite haben Sie die automatische Anmeldung f\u00fcr diesen Browser eingeschaltet.<\/p><p>Um sie wieder auszuschalten, besuchen Sie bitte<a href='URL'>diese Seite<\/a>.<\/p>",
		"id": "<p>Dengan mengakses halaman ini, Anda telah mengaktifkan login otomatis pada peramban ini.<\/p><p>Hendak mematika  login otomatis? Silakan kunjungi <a href='URL'>halaman ini<\/a>.<\/p>",
		"zh-tw": "<p>\u7576\u5b58\u53d6\u6b64\u9801\u6642\uff0c\u60a8\u5df2\u7d93\u958b\u555f\u700f\u89bd\u5668\u81ea\u52d5\u767b\u5165\u3002<\/p><p>\u5982\u8981\u518d\u6b21\u95dc\u9589\uff0c\u8acb\u9020\u8a2a<a href='URL'>\u6b64\u9801<\/a>\u3002<\/p>",
		"da": "<p>Ved at tilg\u00e5 denne side har du sl\u00e5et mulighed for automatisk login med denne browser til.<\/p><p>For at sl\u00e5 muligheden fra igen, bes\u00f8g venligst <a href='URL'>denne side<\/a>.<\/p>",
		"af": "<p> Deur toegang te verkry tot die bladsy het jy outomatiese aanmelding vermo\u00eb aangeskakel vir die webblaaier.<\/p> <p> Om dit weer te deaktiveer besoek <a href='URL'> hierdie bladsy <\/a>. <\/p>",
		"el": "<p>\u039c\u03b5 \u03c4\u03b7\u03bd \u03c0\u03c1\u03cc\u03c3\u03b2\u03b1\u03c3\u03b7 \u03c3\u03b5 \u03b1\u03c5\u03c4\u03ae \u03c4\u03b7 \u03c3\u03b5\u03bb\u03af\u03b4\u03b1, \u03ad\u03c7\u03b5\u03c4\u03b5 \u03b5\u03bd\u03b5\u03c1\u03b3\u03bf\u03c0\u03bf\u03b9\u03ae\u03c3\u03b5\u03b9 \u03c4\u03b7 \u03b4\u03c5\u03bd\u03b1\u03c4\u03cc\u03c4\u03b7\u03c4\u03b1 \u03b1\u03c5\u03c4\u03cc\u03bc\u03b1\u03c4\u03b7\u03c2 \u03c3\u03cd\u03bd\u03b4\u03b5\u03c3\u03b7\u03c2 \u03bc\u03ad\u03c3\u03c9 \u03b1\u03c5\u03c4\u03bf\u03cd \u03c4\u03bf\u03c5 \u03c0\u03c1\u03bf\u03b3\u03c1\u03ac\u03bc\u03bc\u03b1\u03c4\u03bf\u03c2 \u03c0\u03b5\u03c1\u03b9\u03ae\u03b3\u03b7\u03c3\u03b7\u03c2.<\/p><p>\u0393\u03b9\u03b1 \u03bd\u03b1 \u03b1\u03c0\u03b5\u03bd\u03b5\u03c1\u03b3\u03bf\u03c0\u03bf\u03b9\u03ae\u03c3\u03b5\u03c4\u03b5 \u03c4\u03b7\u03bd \u03b5\u03bd \u03bb\u03cc\u03b3\u03c9 \u03b4\u03c5\u03bd\u03b1\u03c4\u03cc\u03c4\u03b7\u03c4\u03b1, \u03c0\u03b1\u03c1\u03b1\u03ba\u03b1\u03bb\u03b5\u03af\u03c3\u03c4\u03b5 \u03bd\u03b1 \u03b5\u03c0\u03b9\u03c3\u03ba\u03b5\u03c6\u03b8\u03b5\u03af\u03c4\u03b5 <a href='URL'>\u03b1\u03c5\u03c4\u03ae \u03c4\u03b7 \u03c3\u03b5\u03bb\u03af\u03b4\u03b1<\/a>.<\/p>"
	},
	"info_post": {
		"no": "<h3>Hva er automatisk innlogging<\/h3><\/p><p>Automatisk innlogging gj\u00f8r at man kan logge inn uten \u00e5 bli bedt om brukernavn og passord i noen tilfeller:<ul><li>hvis maskinen er i Kerberos domenet<\/li><li>og hvis man bruker en st\u00f8ttet nettleser (IE og noen flere avhengig av oppsett)<\/li><li>p\u00e5 et st\u00f8ttet operativsystem (Windows, Mac)<\/li><\/ul><\/p>",
		"nn": "<h3>Kva er automatisk innlogging<\/h3><\/p><p>Automatisk innlogging gj\u00f8r at man kan logge inn uten \u00e5 bli bedt om brukernavn og passord i noen tilfeller:<ul><li>hvis maskinen er i Kerberos domenet<\/li><li>og hvis man bruker en st\u00f8ttet nettleser (IE og noen flere avhengig av oppsett)<\/li><li>p\u00e5 et st\u00f8ttet operativsystem (Windows, Mac)<\/li><\/ul><\/p>",
		"sv": "<h3>Vad \u00e4r automatisk inloggning<\/h3><p>Automatisk inloggning inneb\u00e4r att du kan logga in utan att beh\u00f6va ange anv\u00e4ndarnamn och l\u00f6senord om<ul><li>om datorn finns i en kerberosdom\u00e4n<\/li><li>anv\u00e4nder en webbl\u00e4sare som kan hantera detta (Internet Explorer och n\u00e5gra andra beroende p\u00e5 installationsval)<\/li><li>anv\u00e4nder ett operativsystem som kan hantera detta (Windows, Mac OS X)<\/li><\/ul><\/p>",
		"fr": "<h3>Qu'est-ce que la connexion automatique<\/h3><p>La connection automatique vous permet de vous connecter sans qu'on vous demande le nom d'utilisateur et mot de passe :<ul><li>si l'ordinateur est dans le domaine Kerberos<\/li><li>\u00e0 l'aide d'un navigateur pris en charge (IE et quelques autres en fonction des options d'installation)<\/li><li>sur un syst\u00e8me d'exploitation pris en charge (Windows, Mac)<\/li><\/ul><\/p>",
		"et": "<h3>Mis on automaatne sisselogimine<\/h3>Automaatne sisselogimine v\u00f5imaldab sul logida sisse ilma kasutajatunnust ja parooli sisestamata: <ul><li>kui arvuti on Kerberos domeenis<\/li><li>kasutad toetatud brauserit (IE ja m\u00f5ned teised, s\u00f5ltuvalt paigaldusvalikutest)<\/li><li>ja toetatud operatsioonis\u00fcsteemi (Windows, Mac)<\/li><\/ul><\/p>",
		"lt": "<h3>Kas yra automatinis prisijungimas<\/h3><p>Automatinis prisijungimas suteikia galimyb\u0119 prisijungti ne\u012fvedant prisijungimo vardo ir slapta\u017eod\u017eio:<ul><li> jei kompiuteris priklauso Kerberos domenui<\/li><li> ir naudojama tinkama nar\u0161ykl\u0117 (IE ir kelios kitos, priklausomai nuo diegimo opcij\u0173)<\/li><li> tinkamoje operacin\u0117je sistemoje (Windows, Mac)<\/li><\/ul><\/p>",
		"sr": "<h3>\u0160ta je automatska prijava<\/h3><p>Automatska prijava vam omogu\u0107ava da se prijavite bez uno\u0161enja korisni\u010dkog imena i lozinke:<ul><li>ukoliko je kompjuter u Kerberos domenu<\/li><li>kori\u0161\u0107enjem pretra\u017eiva\u010da (IE i jo\u0161 neki zavisno od opcija prilikom instaliranja)<\/li><li>na odgovaraju\u0107em operativnom sistemu (Windows, Mac)<\/li><\/ul><\/p>",
		"it": "<h3>Cos'\u00e8 il login automatico<\/h3><p>Il login automatico ti permette di identificarti senza richiedere username e password:<ul><li>Se il computer \u00e8 in un dominio Kerberos<\/li><li>Se usi un browser supportato(per IE ed altri browser dipende dalle opzioni di installazione)<\/li><li>Su sistemi opererativi supportati(Windows, Mac<\/li><\/ul><\/p>",
		"nl": "<h3>Wat is automatisch inloggen?<\/h3><p>Automatisch inloggen stelt u in staat in te loggen zonder om een gebruikersnaam en wachtwoord gevraagd te worden:<ul><li>wanneer een computer zich in het Kerberos-domein bevindt<\/li><li>gebruikmakend van een ondersteunde browser (IE en enkele andere afhankelijk van installatieopties)<\/li><li>op een ondersteund besturingssysteem (Windows, Mac)<\/li><\/ul><\/p>",
		"es": "<h3>\u00bfQu\u00e9 es la identificaci\u00f3n autom\u00e1tica?<\/h3><p>La identificaci\u00f3n autom\u00e1tica le permite identificarse sin ser preguntado por su nombre de usuario y contrase\u00f1a:<ul><li>si su ordenador est\u00e1 en un dominio Kerberos<\/li><li>utilizando un navegador soportado (IE y otros, dependiendo de las opciones de instalaci\u00f3n)<\/li><li>en un sistema operativo soportado (Windows, Mac)<\/li><\/ul><\/p>",
		"ro": "<h3>Ce \u00eenseamn\u0103 autentificare automat\u0103<\/h3><p>Autentificarea automat\u0103 permite accesul \u00een sistem f\u0103r\u0103 s\u0103 vi se cear\u0103 un nume de utilizator \u0219i o parol\u0103:<ul><li>dac\u0103 calculatorul este \u00eentr-un domeniu Kerberos<\/li><li>se folose\u0219te un browser suportat (de exemplu Internet Explorer \u0219i altele, \u00een func\u021bie de op\u021biunile de instalare)<\/li><li>pe un sistem de operare suportat (Windows, MacOS)<\/li><\/ul><\/p>",
		"ar": "<h3>\u0627\u0644\u062f\u062e\u0648\u0644 \u0627\u0644\u062a\u0644\u0642\u0627\u0626\u064a<\/h3><p>\u0627\u0644\u062f\u062e\u0648\u0644 \u0627\u0644\u062a\u0644\u0642\u0627\u0626\u064a \u0647\u064a \u062e\u0627\u0635\u064a\u0629 \u0641\u064a \u0627\u0644\u0645\u062a\u0635\u0641\u062d \u062a\u0633\u0645\u062d \u0644\u0643 \u0628\u0627\u0644\u062f\u062e\u0648\u0644 \u0639\u0644\u0649 \u0627\u0644\u062e\u062f\u0645\u0627\u062a \u062f\u0648\u0646 \u0627\u0644\u062d\u0627\u062c\u0629 \u0644\u0643\u062a\u0627\u0628\u0629 \u0627\u0633\u0645 \u0627\u0644\u0645\u0633\u062a\u062e\u062f\u0645 \u0648\u0643\u0644\u0645\u0629 \u0627\u0644\u0645\u0631\u0648\u0631 \u0645\u0631\u0629 \u0623\u062e\u0631\u0649:<ul><li>\u0648\u064a\u0639\u062a\u0645\u062f \u0630\u0644\u0643 \u0639\u0644\u0649 \u0648\u062c\u0648\u062f\u0643 \u062f\u0627\u062e\u0644 \u0627\u0644\u0645\u062c\u0627\u0644 \u0627\u0644\u0623\u0645\u0646\u064a \u0644\u0645\u0642\u062f\u0645 \u0627\u0644\u062e\u062f\u0645\u0629<\/li><li>\u0648\u0628\u0627\u0633\u062a\u062e\u062f\u0627\u0645 \u0645\u062a\u0635\u0641\u062d\u0627\u062a \u0645\u0639\u064a\u0646\u0629 (\u0625\u0646\u062a\u0631\u0646\u062a \u0625\u0643\u0633\u0628\u0644\u0648\u0631\u0631 \u0645\u062b\u0644\u0627)<\/li><li>\u0648\u0628\u0634\u0631\u0637 \u062a\u0648\u0641\u0631 \u0646\u0638\u0627\u0645 \u062a\u0634\u063a\u064a\u0644 \u064a\u062f\u0639\u0645 \u0630\u0644\u0643 (\u0645\u062b\u0627\u0644 \u0627\u0644\u0648\u064a\u0646\u062f\u0648\u0632 \u0648\u0627\u0644\u0645\u0627\u0643)<\/li><\/ul><\/p>",
		"ru": "<h3>\u041e\u0431 \u0430\u0432\u0442\u043e\u043c\u0430\u0442\u0438\u0447\u0435\u0441\u043a\u043e\u043c \u0432\u0445\u043e\u0434\u0435<\/h3><p>\u0410\u0432\u0442\u043e\u043c\u0430\u0442\u0438\u0447\u0435\u0441\u043a\u0438\u0439 \u0432\u0445\u043e\u0434 \u043f\u043e\u0437\u0432\u043e\u043b\u044f\u0435\u0442 \u0432\u043e\u0439\u0442\u0438 \u0432 \u0441\u0438\u0441\u0442\u0435\u043c\u0443 \u0431\u0435\u0437 \u0437\u0430\u043f\u0440\u043e\u0441\u0430 \u043b\u043e\u0433\u0438\u043d\u0430 \u0438 \u043f\u0430\u0440\u043e\u043b\u044f:<ul><li>\u0435\u0441\u043b\u0438 \u0434\u0430\u043d\u043d\u044b\u0439 \u043a\u043e\u043c\u043f\u044c\u044e\u0442\u0435\u0440 \u0432 Kerberos \u0434\u043e\u043c\u0435\u043d\u0435<\/li><li>\u0438\u0441\u043f\u043e\u043b\u044c\u0437\u0443\u0435\u0442\u0441\u044f \u0441\u0442\u0430\u043d\u0434\u0430\u0440\u0442\u043d\u044b\u0439 \u0431\u0440\u0430\u0443\u0437\u0435\u0440 (IE \u0438 \u043d\u0435\u043a\u043e\u0442\u043e\u0440\u044b\u0435 \u0434\u0440\u0443\u0433\u0438\u0435 \u0432 \u0437\u0430\u0432\u0438\u0441\u0438\u043c\u043e\u0441\u0442\u0438 \u043e\u0442 \u043d\u0430\u0441\u0442\u0440\u043e\u0435\u043a \u043f\u0440\u0438 \u0443\u0441\u0442\u0430\u043d\u043e\u0432\u043a\u0435)<\/li><li>\u0438\u0441\u043f\u043e\u043b\u044c\u0437\u0443\u044e\u0442\u0441\u044f \u043f\u043e\u0434\u0434\u0435\u0440\u0436\u0438\u0432\u0430\u0435\u043c\u044b\u0435 \u043e\u043f\u0435\u0440\u0430\u0446\u0438\u043e\u043d\u043d\u044b\u0435 \u0441\u0438\u0441\u0442\u0435\u043c\u044b (Windows, Mac)<\/li><\/ul><\/p>",
		"cs": "<h3>Co je automatick\u00e9 p\u0159ihl\u00e1\u0161en\u00ed<\/h3><p>Automatick\u00e9 p\u0159ihl\u00e1\u0161en\u00ed V\u00e1m umo\u017en\u00ed p\u0159ihl\u00e1sit se bez zad\u00e1v\u00e1n\u00ed u\u017eivatelsk\u00e9ho jm\u00e9na a hesla: <ul><li>pokud je po\u010d\u00edta\u010d v dom\u00e9n\u011b Kerberos<\/li><li>a pou\u017e\u00edv\u00e1 podporovan\u00fd prohl\u00ed\u017ee\u010d (IE a n\u011bkter\u00e9 jin\u00e9 v z\u00e1vislosti na instalovan\u00fdch vlastnostech)<\/li><li>na podporovan\u00e9m opera\u010dn\u00edm syst\u00e9mu (Windows, Mac)<\/li><\/ul><\/p>",
		"hr": "<h3>\u0160to je automatska prijava?<\/h3><p>Automatska prijava omogu\u0107uje vam da se prijavite bez da vas sustav tra\u017ei korisni\u010dku oznaku i zaporku:<ul><li>ako je ra\u010dunalo u Kerberos domeni<\/li><li>ako koristite web preglednik koji podr\u017eava ovu funkcionalnost (IE i neki drugi ovisno o postavkama prilikom instalacije)<\/li><li>na podr\u017eanom operacijskom sustavu (Windows, Mac)<\/li><\/ul><\/p>",
		"eu": "<h3>Zer da identifikazio automatikoa?<\/h3><p>Identifikazio automatikoak identifikatzea ahalbideratzen du inolako erabiltzaile-izen eta pasahitzik galdetu gabe:<ul><li>zure ordenagailua Kerberos domeinu batean badago<\/li><li>jasandako nabigatzaile bat erabiliz (IE eta bestelakoak, instalazio aukeren arabera)<\/li><li>onartutako sistema eragile batean (Windows, Mac)<\/li><\/ul><\/p>",
		"de": "<h3>Was ist die automatische Anmeldung<\/h3><p>Die automatische Anmeldung erlaubt es Ihnen, sich ohne Angabe von Benutzername und Passwort anzumelden:<ul><li>wenn der Computer in der Kerberos Dom\u00e4ne ist<\/li><li>ein unterst\u00fctzter Browser verwendet wird (IE und einige andere in Abh\u00e4ngigkeit von Installationsoptionen)<\/li><li>auf einem unterst\u00fctzten Betriebssystem (Windows, Mac)<\/li><\/ul><\/p>",
		"id": "<h3>Apakah login otomatis itu?<\/h3><p>Login otomatis dapat membuat Anda masuk ke sistem tanpa harus menyebutkan usernsme dan psssword:<ul><li>jika komputer berada di dalam domain Kerberos<\/li><li>gunakan peramban yang mendukung login otomatis (misal: IE dan beberapa peramban lain yang sesuai)<\/li><li>sistem operasi yang berjalan (misal: Windows, Mac)<\/li><\/ul><\/p>",
		"zh-tw": "<h3>\u4ec0\u9ebc\u662f\u81ea\u52d5\u767b\u5165\uff1f<\/h3><p>\u81ea\u52d5\u767b\u5165\u5141\u8a31\u60a8\u767b\u5165\u6642\u4e0d\u9700\u8981\u518d\u6b21\u8f38\u5165\u5e33\u865f\u5bc6\u78bc\uff1a<ul><li>\u5982\u679c\u96fb\u8166\u5df2\u52a0\u5165 Kerberos \u7db2\u57df<\/li><li>\u4f7f\u7528\u652f\u63f4\u7684\u700f\u89bd\u5668(IE \u6216\u5176\u4ed6\u652f\u63f4\u7684\u700f\u89bd\u5668)<\/li><li>\u65bc\u652f\u63f4\u7684\u4f5c\u696d\u7cfb\u7d71(Windows, Mac)<\/li><\/ul><\/p>",
		"da": "<h3>Hvad er automatisk login?<\/h3><p>Automatisk login giver dig mulighed for at logge ind uden at blive bedt om brugernavn og kodeord:<ul><li>hvis computeren er p\u00e5 Kerberos dom\u00e6net<\/li><li>benytter en underst\u00f8ttet browser (IE og nogle andre afh\u00e6ngigt af installationskonfiguration)<\/li><li>p\u00e5 et underst\u00f8ttet operativsystem (Windows, Mac)<\/li><\/ul><\/p>",
		"af": "<h3> Wat is outomatiese aanmelding <\/h3> <p> Outomatiese aanmelding stel jou in staat om aan te meld sonder om jou gebruikersnaam en wagwoord in te vul: <ul> <li> mits die rekenaar in die Kerberos domein is<\/li> <li> met behulp van 'n ondersteunde webblaaier (IE en 'n paar ander, afhangende van die installasie opsies) <\/li> <li> op 'n gesteunde bedryfstelsel (Windows, Mac) <\/li> <\/ul> <\/p>",
		"el": "<h3>\u03a4\u03b9 \u03b5\u03af\u03bd\u03b1\u03b9 \u03b7 \u03b1\u03c5\u03c4\u03cc\u03bc\u03b1\u03c4\u03b7 \u03c3\u03cd\u03bd\u03b4\u03b5\u03c3\u03b7<\/h3><p>\u0397 \u03b1\u03c5\u03c4\u03cc\u03bc\u03b1\u03c4\u03b7 \u03c3\u03cd\u03bd\u03b4\u03b5\u03c3\u03b7 \u03c3\u03b1\u03c2 \u03b5\u03c0\u03b9\u03c4\u03c1\u03ad\u03c0\u03b5\u03b9 \u03bd\u03b1 \u03c3\u03c5\u03bd\u03b4\u03b5\u03b8\u03b5\u03af\u03c4\u03b5 \u03c7\u03c9\u03c1\u03af\u03c2 \u03bd\u03b1 \u03b6\u03b7\u03c4\u03b7\u03b8\u03b5\u03af \u03c4\u03bf \u03cc\u03bd\u03bf\u03bc\u03b1 \u03c7\u03c1\u03ae\u03c3\u03c4\u03b7 \u03ba\u03b1\u03b9 \u03bf \u03ba\u03c9\u03b4\u03b9\u03ba\u03cc\u03c2 \u03c0\u03c1\u03cc\u03c3\u03b2\u03b1\u03c3\u03b7\u03c2, \u03b5\u03ac\u03bd:<ul><li>\u03bf \u03c5\u03c0\u03bf\u03bb\u03bf\u03b3\u03b9\u03c3\u03c4\u03ae\u03c2 \u03ad\u03c7\u03b5\u03b9 \u03b5\u03bd\u03c4\u03b1\u03c7\u03b8\u03b5\u03af \u03c3\u03b5 \u03c4\u03bf\u03bc\u03ad\u03b1 (domain) Kerberos<\/li><li>\u03c7\u03c1\u03b7\u03c3\u03b9\u03bc\u03bf\u03c0\u03bf\u03b9\u03b5\u03af\u03c4\u03b5 Internet Explorer \u03ae \u03ba\u03ac\u03c0\u03bf\u03b9\u03bf \u03ac\u03bb\u03bb\u03bf \u03c3\u03c5\u03bc\u03b2\u03b1\u03c4\u03cc \u03c0\u03c1\u03cc\u03b3\u03c1\u03b1\u03bc\u03bc\u03b1 \u03c0\u03b5\u03c1\u03b9\u03ae\u03b3\u03b7\u03c3\u03b7\u03c2 \u03b9\u03c3\u03c4\u03bf\u03cd<\/li><li>\u03c3\u03b5 \u03c5\u03c0\u03bf\u03c3\u03c4\u03b7\u03c1\u03b9\u03b6\u03cc\u03bc\u03b5\u03bd\u03bf \u03bb\u03b5\u03b9\u03c4\u03bf\u03c5\u03c1\u03b3\u03b9\u03ba\u03cc \u03c3\u03cd\u03c3\u03c4\u03b7\u03bc\u03b1 (Windows, Mac)<\/li><\/ul><\/p>"
	}
}
