{
	"cron_header": {
		"en": "Cron result page"
	},
	"cron_result_title": {
		"en": "Here are the result for the cron job execution:"
	},
	"cron_info": {
		"en": "Cron is a way to run things regularly on unix systems."
	},
	"cron_suggestion": {
		"en": "Here is a suggestion for a crontab file:"
	},
	"cron_execution": {
		"en": "Click here to run the cron jobs:"
	},
	"run_text": {
		"en": "Run cron:"
	},
	"ran_text": {
		"en": "Cron ran at"
	},
	"cron_report_title": {
		"en": "Cron report"
	},
	"link_cron": {
		"en": "Cron module information page"
	}
}